-- MySQL dump 10.13  Distrib 5.7.25, for Linux (x86_64)
--
-- Host: localhost    Database: new_esisa_db
-- ------------------------------------------------------
-- Server version	5.7.25-0ubuntu0.18.04.2

/*!40101 SET @OLD_CHARACTER_SET_CLIENT=@@CHARACTER_SET_CLIENT */;
/*!40101 SET @OLD_CHARACTER_SET_RESULTS=@@CHARACTER_SET_RESULTS */;
/*!40101 SET @OLD_COLLATION_CONNECTION=@@COLLATION_CONNECTION */;
/*!40101 SET NAMES utf8 */;
/*!40103 SET @OLD_TIME_ZONE=@@TIME_ZONE */;
/*!40103 SET TIME_ZONE='+00:00' */;
/*!40014 SET @OLD_UNIQUE_CHECKS=@@UNIQUE_CHECKS, UNIQUE_CHECKS=0 */;
/*!40014 SET @OLD_FOREIGN_KEY_CHECKS=@@FOREIGN_KEY_CHECKS, FOREIGN_KEY_CHECKS=0 */;
/*!40101 SET @OLD_SQL_MODE=@@SQL_MODE, SQL_MODE='NO_AUTO_VALUE_ON_ZERO' */;
/*!40111 SET @OLD_SQL_NOTES=@@SQL_NOTES, SQL_NOTES=0 */;

--
-- Table structure for table `absence`
--

DROP TABLE IF EXISTS `absence`;
/*!40101 SET @saved_cs_client     = @@character_set_client */;
/*!40101 SET character_set_client = utf8 */;
CREATE TABLE `absence` (
  `id` int(11) NOT NULL AUTO_INCREMENT,
  `id_Etudiant` varchar(100) DEFAULT NULL,
  `id_Matiere` int(11) DEFAULT NULL,
  `id_Annee` int(11) DEFAULT NULL,
  `nomJour` varchar(45) DEFAULT NULL,
  `dateAbsence` varchar(45) DEFAULT NULL,
  `seance` varchar(45) DEFAULT NULL,
  `motif` tinyint(4) DEFAULT NULL,
  `appel` tinyint(4) DEFAULT NULL,
  `controle` tinyint(4) DEFAULT NULL,
  PRIMARY KEY (`id`),
  KEY `fk_idetud` (`id_Etudiant`),
  KEY `fk_idmat` (`id_Matiere`),
  KEY `fk_ida` (`id_Annee`),
  CONSTRAINT `id_Annee` FOREIGN KEY (`id_Annee`) REFERENCES `annee` (`id`) ON DELETE NO ACTION ON UPDATE NO ACTION,
  CONSTRAINT `id_Etudiant` FOREIGN KEY (`id_Etudiant`) REFERENCES `etudiant` (`idEtudiant`) ON DELETE CASCADE ON UPDATE CASCADE,
  CONSTRAINT `id_Matiere` FOREIGN KEY (`id_Matiere`) REFERENCES `matiere` (`id`) ON DELETE NO ACTION ON UPDATE NO ACTION
) ENGINE=InnoDB AUTO_INCREMENT=627 DEFAULT CHARSET=latin1;
/*!40101 SET character_set_client = @saved_cs_client */;

--
-- Dumping data for table `absence`
--

LOCK TABLES `absence` WRITE;
/*!40000 ALTER TABLE `absence` DISABLE KEYS */;
INSERT INTO `absence` VALUES (10,'10002212181706',12,20,'mardi','2019-02-26','10h-12h',0,0,0),(11,'19803212181670',12,20,'mardi','2019-02-26','10h-12h',1,0,0),(12,'10104212181680',12,20,'mardi','2019-02-26','10h-12h',0,0,0),(13,'10010212181692',37,20,'mardi','2019-02-26','14h-16h',0,0,0),(14,'09508212181674',37,20,'mardi','2019-02-26','14h-16h',0,0,0),(15,'10101212181646',12,20,'mardi','2019-02-26','14h-18h',0,1,1),(16,'10106212181656',12,20,'mardi','2019-02-26','8h-10h',0,0,0),(17,'09708212151401',80,20,'samedi','2019-02-23','10h-12h',0,0,0),(18,'19801212151432',80,20,'samedi','2019-02-23','10h-12h',0,0,0),(19,'19607212151427',80,20,'samedi','2019-02-23','10h-12h',0,0,0),(20,'19605212151386',80,20,'samedi','2019-02-23','10h-12h',0,0,0),(21,'19111212141367',80,20,'samedi','2019-02-23','10h-12h',0,0,0),(22,'19503212171610',80,20,'samedi','2019-02-23','8h-10h',0,0,0),(23,'19408212141322',80,20,'samedi','2019-02-23','8h-10h',0,0,0),(24,'09708212151438',80,20,'samedi','2019-02-23','8h-10h',0,0,0),(25,'09607212151426',80,20,'samedi','2019-02-23','8h-10h',0,0,0),(26,'19706212141307',80,20,'samedi','2019-02-23','8h-10h',0,0,0),(27,'19508212151381',80,20,'samedi','2019-02-23','8h-10h',0,0,0),(28,'09702212151402',17,20,'mardi','2019-02-26','8h-10h',0,0,0),(29,'10001212171566',16,20,'mardi','2019-02-26','17h-19h',0,0,0),(30,'19705212151418',16,20,'mardi','2019-02-26','14h-16h',0,0,0),(31,'00001212171608',17,20,'mardi','2019-02-26','10h-12h',1,0,0),(32,'19301212181685',17,20,'mardi','2019-02-26','10h-12h',0,0,0),(34,'19805212161488',24,20,'mardi','2019-02-26','8h-10h',1,0,0),(35,'00001212171608',24,20,'mardi','2019-02-26','8h-10h',1,0,0),(36,'19301212181685',24,20,'mardi','2019-02-26','8h-10h',0,1,0),(37,'19908212171543',24,20,'mardi','2019-02-26','8h-10h',0,0,0),(38,'19705212151418',24,20,'mardi','2019-02-26','8h-10h',0,0,0),(39,'19508212161529',22,20,'mardi','2019-02-26','8h-12h',0,0,0),(40,'19803212161468',17,20,'mardi','2019-02-26','10h-12h',0,0,0),(41,'19809212171538',17,20,'mardi','2019-02-26','10h-12h',0,1,0),(42,'19807212161515',17,20,'mardi','2019-02-26','10h-12h',0,0,0),(43,'19705212151418',17,20,'mardi','2019-02-26','10h-12h',0,1,0),(44,'09607212161519',58,20,'mardi','2019-02-26','10h-12h',0,0,0),(45,'09706212161501',58,20,'mardi','2019-02-26','10h-12h',0,0,0),(46,'19802212161495',58,20,'mardi','2019-02-26','10h-12h',0,0,0),(47,'10010212181692',40,20,'mardi','2019-02-26','10h-12h',0,0,0),(48,'10001212181699',40,20,'mardi','2019-02-26','10h-12h',0,0,0),(49,'10002212181626',40,20,'mardi','2019-02-26','10h-12h',0,1,0),(50,'00003212181627',40,20,'mardi','2019-02-26','10h-12h',0,1,0),(51,'00101212181634',40,20,'mardi','2019-02-26','10h-12h',0,1,0),(52,'10007212181640',40,20,'mardi','2019-02-26','10h-12h',0,1,0),(53,'10001212181643',40,20,'mardi','2019-02-26','10h-12h',0,1,0),(54,'10009212181698',40,20,'mardi','2019-02-26','10h-12h',0,1,0),(55,'10002212181706',40,20,'mardi','2019-02-26','10h-12h',0,0,0),(56,'19703212181669',40,20,'mardi','2019-02-25','10h-12h',0,0,0),(57,'10104212181680',40,20,'mardi','2019-02-26','10h-12h',0,1,0),(58,'19909212171576',17,20,'mardi','2019-02-26','8h-10h',0,0,0),(59,'19907212171556',17,20,'mardi','2019-02-26','8h-10h',0,0,0),(78,'19806212171596',16,20,'jeudi','2019-02-28','10h-12h',0,0,0),(79,'19705212151418',16,20,'jeudi','2019-02-28','10h-12h',1,1,0),(80,'19809212171590',16,20,'jeudi','2019-02-28','10h-12h',0,0,0),(81,'19705212151418',33,20,'jeudi','2019-02-28','14h-16h',0,0,0),(82,'10010212181663',51,20,'mercredi','2019-02-27','8h-10h',0,0,0),(83,'09908212181625',52,20,'mercredi','2019-02-27','16h-18h',1,1,0),(84,'00006212181708',52,20,'mercredi','2019-02-27','16h-18h',1,0,0),(85,'19702212161500',113,20,'jeudi','2019-02-21','10h-12h',1,1,0),(86,'19604212171602',113,20,'jeudi','2019-02-21','10h-12h',0,1,0),(87,'19306212151451',113,20,'jeudi','2019-02-21','10h-12h',0,1,0),(88,'19711212151439',113,20,'jeudi','2019-02-21','10h-12h',0,0,0),(89,'09706212161501',113,20,'jeudi','2019-02-21','10h-12h',1,1,0),(90,'19807212161477',113,20,'jeudi','2019-02-21','10h-12h',0,1,0),(91,'19812212161484',113,20,'jeudi','2019-02-21','10h-12h',0,1,0),(92,'10008212181620',37,20,'jeudi','2019-02-28','14h-16h',0,0,0),(93,'10006212181619',52,20,'jeudi','2019-02-28','8h-10h',0,1,0),(94,'10010212181711',52,20,'jeudi','2019-02-28','8h-10h',0,1,0),(95,'10101212181629',52,20,'jeudi','2019-02-28','8h-10h',0,1,0),(96,'10007212181695',52,20,'jeudi','2019-02-28','8h-10h',0,0,0),(97,'19906212171583',16,20,'jeudi','2019-02-28','8h-10h',0,0,0),(99,'09912212171582',35,20,'mercredi','2019-02-27','10h-12h',0,1,0),(100,'19803212171564',35,20,'mercredi','2019-02-27','10h-12h',1,0,0),(101,'19803212171559',35,20,'vendredi','2019-03-01','10h-12h',0,0,0),(102,'19805212161488',35,20,'vendredi','2019-03-01','10h-12h',0,0,0),(103,'19301212181685',35,20,'vendredi','2019-03-01','10h-12h',0,0,0),(104,'19807212161515',35,20,'vendredi','2019-03-01','10h-12h',0,0,0),(105,'19705212151418',35,20,'vendredi','2019-03-01','10h-12h',0,0,0),(106,'19508212161529',35,20,'vendredi','2019-03-01','10h-12h',0,0,0),(107,'00010212181709',46,20,'vendredi','2019-03-01','8h-10h',0,0,0),(108,'19510212171558',46,20,'vendredi','2019-03-01','8h-10h',0,0,0),(109,'00105212181655',46,20,'vendredi','2019-03-01','8h-10h',0,0,0),(110,'10101212181632',50,20,'vendredi','2019-03-01','8h-10h',0,0,0),(111,'19909212181631',50,20,'vendredi','2019-03-01','8h-10h',0,0,0),(112,'10007212181695',50,20,'vendredi','2019-03-01','8h-10h',0,1,0),(113,'10004212181683',50,20,'vendredi','2019-03-01','8h-10h',0,0,0),(114,'10103212181633',46,20,'vendredi','2019-03-01','16h-18h',0,0,0),(117,'00010212181667',46,20,'vendredi','2019-03-01','16h-18h',0,0,0),(118,'19703212181669',46,20,'vendredi','2019-03-01','16h-18h',0,0,0),(121,'19809212171538',19,20,'vendredi','2019-03-01','16h-18h',0,0,0),(122,'19805212161488',19,20,'vendredi','2019-03-01','16h-18h',0,0,0),(123,'19805212171542',19,20,'vendredi','2019-03-01','16h-18h',1,0,0),(124,'19710212171574',19,20,'vendredi','2019-03-01','16h-18h',0,0,0),(125,'19301212181685',19,20,'vendredi','2019-03-01','16h-18h',0,0,0),(126,'19806212171596',19,20,'vendredi','2019-03-01','16h-18h',0,0,0),(127,'19705212151418',19,20,'vendredi','2019-03-01','16h-18h',0,0,0),(128,'19809212171538',16,20,'vendredi','2019-03-01','14h-16h',0,0,0),(129,'19805212161488',16,20,'vendredi','2019-03-01','14h-16h',0,0,0),(130,'19909212171576',19,20,'vendredi','2019-03-01','10h-12h',0,0,0),(131,'09702212151402',19,20,'vendredi','2019-03-01','10h-12h',0,0,0),(132,'09906212171537',16,20,'vendredi','2019-03-01','16h-18h',0,0,0),(133,'19909212171576',16,20,'vendredi','2019-03-01','16h-18h',0,0,0),(134,'19910212171535',16,20,'vendredi','2019-03-01','16h-18h',0,0,0),(135,'09702212151402',16,20,'vendredi','2019-03-01','16h-18h',0,0,0),(136,'19408212141322',80,20,'samedi','2019-03-02','8h-10h',0,0,0),(137,'19706212141307',80,20,'samedi','2019-03-02','8h-10h',0,0,0),(138,'19508212151381',80,20,'samedi','2019-03-02','8h-10h',0,0,0),(139,'09704212151417',80,20,'samedi','2019-03-02','8h-10h',0,0,0),(142,'19607212141371',80,20,'samedi','2019-03-02','10h-12h',0,0,0),(143,'19704212151434',80,20,'samedi','2019-03-02','10h-12h',0,0,0),(144,'19602212141323',80,20,'samedi','2019-03-02','10h-12h',0,0,0),(145,'19607212151427',80,20,'samedi','2019-03-02','10h-12h',0,0,0),(146,'19605212151386',80,20,'samedi','2019-03-02','10h-12h',0,0,0),(147,'19111212141367',80,20,'samedi','2019-03-02','10h-12h',0,0,0),(148,'09811212161456',113,20,'samedi','2019-03-02','10h-12h',0,0,0),(149,'19702212161500',113,20,'samedi','2019-03-02','10h-12h',0,0,0),(150,'19604212171602',113,20,'samedi','2019-03-02','10h-12h',0,0,0),(151,'19702212161532',113,20,'samedi','2019-03-02','10h-12h',0,0,0),(152,'19606212171612',113,20,'samedi','2019-03-02','10h-12h',0,0,0),(153,'19306212151451',113,20,'samedi','2019-03-02','10h-12h',0,0,0),(154,'09706212161501',113,20,'samedi','2019-03-02','10h-12h',0,0,0),(155,'19812212161484',113,20,'samedi','2019-03-02','10h-12h',0,0,0),(156,'19704212161465',113,20,'samedi','2019-03-02','8h-10h',0,0,0),(157,'19711212161472',113,20,'samedi','2019-03-02','8h-10h',0,0,0),(158,'19901212161493',113,20,'samedi','2019-03-02','8h-10h',0,0,0),(159,'19901212181684',113,20,'samedi','2019-03-02','8h-10h',0,0,0),(160,'19809212161461',113,20,'samedi','2019-03-02','8h-10h',0,0,0),(161,'19902212161469',113,20,'samedi','2019-03-02','8h-10h',1,1,0),(162,'09903212161482',113,20,'samedi','2019-03-02','8h-10h',0,0,0),(163,'09801212161455',113,20,'samedi','2019-03-02','8h-10h',0,0,0),(164,'09708212161502',113,20,'samedi','2019-03-02','8h-10h',0,0,0),(165,'19408212161520',113,20,'samedi','2019-03-02','8h-10h',0,0,0),(166,'09704212181662',113,20,'samedi','2019-03-02','8h-10h',0,0,0),(167,'19711212161496',113,20,'samedi','2019-03-02','8h-10h',0,0,0),(168,'19507212161521',113,20,'samedi','2019-03-02','8h-10h',0,0,0),(170,'19801212171599',27,20,'lundi','2019-03-04','8h-10h',0,0,0),(171,'09903212171593',27,20,'lundi','2019-03-04','8h-10h',0,0,0),(172,'19905212171540',27,20,'lundi','2019-03-04','8h-10h',0,0,0),(173,'19705212171606',27,20,'lundi','2019-03-04','8h-10h',0,0,0),(174,'19906212171583',27,20,'lundi','2019-03-04','8h-10h',0,0,0),(175,'19705212171606',24,20,'lundi','2019-03-04','10h-12h',0,0,0),(176,'19906212171583',24,20,'lundi','2019-03-04','10h-12h',0,0,0),(177,'19803212161468',27,20,'lundi','2019-03-04','10h-12h',0,0,0),(178,'19805212161488',27,20,'lundi','2019-03-04','10h-12h',0,0,0),(179,'19705212151418',27,20,'lundi','2019-03-04','10h-12h',0,0,0),(180,'19911212171562',24,20,'lundi','2019-03-04','8h-10h',1,0,0),(181,'19803212161468',24,20,'lundi','2019-03-04','8h-10h',0,0,0),(182,'19708212171541',24,20,'lundi','2019-03-04','8h-10h',0,0,0),(183,'19803212171559',24,20,'lundi','2019-03-04','8h-10h',0,0,0),(184,'19806212171578',24,20,'lundi','2019-03-04','8h-10h',0,0,0),(185,'19907212171573',24,20,'lundi','2019-03-04','8h-10h',0,0,0),(186,'19805212161488',24,20,'lundi','2019-03-04','8h-10h',0,0,0),(187,'19710212171574',24,20,'lundi','2019-03-04','8h-10h',0,0,0),(188,'19301212181685',24,20,'lundi','2019-03-04','8h-10h',0,0,0),(189,'09902212171584',24,20,'lundi','2019-03-04','8h-10h',0,0,0),(190,'19908212171543',24,20,'lundi','2019-03-04','8h-10h',0,0,0),(191,'19705212151418',24,20,'lundi','2019-03-04','8h-10h',0,0,0),(192,'19508212161529',24,20,'lundi','2019-03-04','8h-10h',0,0,0),(193,'19808212171552',24,20,'lundi','2019-03-04','8h-10h',0,0,0),(194,'19909212181631',42,20,'lundi','2019-03-04','14h-16h',0,0,0),(195,'10001212181699',39,20,'lundi','2019-03-04','16h-18h',0,0,0),(196,'19911212181681',39,20,'lundi','2019-03-04','16h-18h',0,0,0),(197,'19803212161468',16,20,'lundi','2019-03-04','14h-16h',0,0,0),(198,'19809212171538',16,20,'lundi','2019-03-04','14h-16h',0,0,0),(199,'19805212161488',16,20,'lundi','2019-03-04','14h-16h',0,0,0),(200,'19705212151418',16,20,'lundi','2019-03-04','14h-16h',0,0,0),(201,'10005212181697',40,20,'mardi','2019-03-05','8h-10h',0,0,0),(202,'19803212171564',27,20,'mardi','2019-03-05','8h-10h',0,0,0),(203,'19801212171599',27,20,'mardi','2019-03-05','8h-10h',0,0,0),(204,'09708212171597',27,20,'mardi','2019-03-05','8h-10h',0,0,0),(205,'09801212161455',58,20,'mardi','2019-03-05','8h-10h',0,0,0),(206,'19807212161489',58,20,'mardi','2019-03-05','8h-10h',0,0,0),(207,'19801212161506',58,20,'mardi','2019-03-05','8h-10h',0,0,0),(208,'19804212161494',58,20,'mardi','2019-03-05','8h-10h',0,0,0),(209,'19507212161521',58,20,'mardi','2019-03-05','8h-10h',0,0,0),(210,'00011212181661',52,20,'mercredi','2019-03-06','8h-10h',0,0,0),(211,'00006212181677',46,20,'mercredi','2019-03-06','10h-12h',0,0,0),(212,'10101212181646',46,20,'mercredi','2019-03-06','10h-12h',0,0,0),(213,'00010212181709',46,20,'mercredi','2019-03-06','10h-12h',0,0,0),(214,'10010212181692',12,20,'mercredi','2019-03-06','16h-18h',0,0,0),(215,'10001212181699',12,20,'mercredi','2019-03-06','16h-18h',0,0,0),(216,'19703212181669',12,20,'mercredi','2019-03-06','16h-18h',0,0,0),(218,'10001212181699',46,20,'jeudi','2019-03-07','10h-12h',0,0,0),(219,'19909212181688',46,20,'jeudi','2019-03-07','10h-12h',0,0,0),(220,'00101212181634',46,20,'jeudi','2019-03-07','10h-12h',0,0,0),(221,'10007212181640',46,20,'jeudi','2019-03-07','10h-12h',0,0,0),(222,'10009212181698',46,20,'jeudi','2019-03-07','10h-12h',0,0,0),(223,'00010212181644',46,20,'jeudi','2019-03-07','10h-12h',0,0,0),(224,'19909212181688',52,20,'jeudi','2019-03-07','10h-12h',0,0,0),(225,'19907212181664',52,20,'jeudi','2019-03-07','10h-12h',0,0,0),(226,'19905212171536',16,20,'jeudi','2019-03-07','8h-10h',0,0,0),(227,'19910212171613',16,20,'jeudi','2019-03-07','8h-10h',0,0,0),(228,'19901212171567',16,20,'jeudi','2019-03-07','8h-10h',0,0,0),(229,'19902212171550',16,20,'jeudi','2019-03-07','8h-10h',0,0,0),(230,'09902212171598',22,20,'mercredi','2019-03-06','16h-18h',0,0,0),(231,'10001212171566',22,20,'mercredi','2019-03-06','16h-18h',0,0,0),(232,'00003212171589',25,20,'mercredi','2019-03-06','10h-12h',0,0,0),(233,'10003212171545',25,20,'mercredi','2019-03-06','10h-12h',0,0,0),(234,'19910212171547',25,20,'mercredi','2019-03-06','10h-12h',0,0,0),(235,'10003212171551',25,20,'mercredi','2019-03-06','10h-12h',0,0,0),(236,'09702212151402',25,20,'mercredi','2019-03-06','10h-12h',0,0,0),(237,'19909212171576',25,20,'mercredi','2019-03-06','10h-12h',0,0,0),(238,'19607212151392',114,20,'mercredi','2019-03-06','14h-16h',0,0,0),(239,'09801212161455',114,20,'mercredi','2019-03-06','14h-16h',0,0,0),(240,'19808212171552',16,20,'mercredi','2019-03-06','10h-12h',0,0,0),(241,'19809212171538',22,20,'mercredi','2019-03-06','14h-16h',0,0,0),(242,'19301212181685',22,20,'mercredi','2019-03-06','14h-16h',0,0,0),(243,'19705212151418',22,20,'mercredi','2019-03-06','14h-16h',0,0,0),(244,'10003212181676',37,20,'jeudi','2019-03-07','10h-12h',0,0,0),(245,'10003212181653',51,20,'mercredi','2019-03-06','10h-12h',0,0,0),(246,'10003212181676',52,20,'jeudi','2019-03-07','8h-10h',0,0,0),(247,'09811212161456',116,20,'mercredi','2019-03-06','8h-10h',0,0,0),(248,'19702212161500',116,20,'mercredi','2019-03-06','8h-10h',0,0,0),(249,'19611212161463',116,20,'mercredi','2019-03-06','8h-10h',0,0,0),(250,'19606212171612',116,20,'mercredi','2019-03-06','8h-10h',0,0,0),(251,'19805212161471',116,20,'mercredi','2019-03-06','8h-10h',0,0,0),(252,'19807212161477',116,20,'mercredi','2019-03-06','8h-10h',0,0,0),(253,'19801212161467',114,20,'mercredi','2019-03-06','16h-18h',0,0,0),(254,'09706212161501',114,20,'mercredi','2019-03-06','16h-18h',0,0,0),(255,'19707212161466',114,20,'mercredi','2019-03-06','16h-18h',0,0,0),(256,'19812212161484',114,20,'mercredi','2019-03-06','16h-18h',0,0,0),(257,'19808212161462',115,20,'mardi','2019-03-05','8h-10h',0,0,0),(258,'09811212161456',115,20,'mardi','2019-03-05','8h-10h',0,0,0),(259,'09607212161519',115,20,'mardi','2019-03-05','8h-10h',0,0,0),(260,'19604212171602',115,20,'mardi','2019-03-05','8h-10h',0,0,0),(261,'09810212161464',115,20,'mardi','2019-03-05','8h-10h',0,0,0),(262,'19611212161463',115,20,'mardi','2019-03-05','8h-10h',0,0,0),(263,'19306212151451',115,20,'mardi','2019-03-05','8h-10h',0,0,0),(264,'19805212161471',115,20,'mardi','2019-03-05','8h-10h',0,0,0),(265,'19711212151439',115,20,'mardi','2019-03-05','8h-10h',0,0,0),(266,'09706212161501',115,20,'mardi','2019-03-05','8h-10h',0,0,0),(267,'19802212161492',115,20,'mardi','2019-03-05','8h-10h',0,0,0),(268,'19707212161466',115,20,'mardi','2019-03-05','8h-10h',0,0,0),(269,'19807212161477',115,20,'mardi','2019-03-05','8h-10h',0,0,0),(270,'09707212151387',121,20,'mardi','2019-03-05','8h-10h',0,0,0),(271,'19111212141367',121,20,'mardi','2019-03-05','8h-10h',0,0,0),(272,'19508212141334',121,20,'mardi','2019-03-05','8h-10h',0,0,0),(273,'19605212151386',121,20,'mardi','2019-03-05','8h-10h',0,0,0),(274,'10010212181692',46,20,'mercredi','2019-03-06','14h-16h',0,0,0),(275,'10010212181711',42,20,'vendredi','2019-03-08','16h-18h',0,0,0),(276,'10101212181629',42,20,'vendredi','2019-03-08','16h-18h',0,0,0),(277,'10005212181636',42,20,'vendredi','2019-03-08','16h-18h',0,0,0),(278,'10102212181641',42,20,'vendredi','2019-03-08','16h-18h',0,0,0),(279,'10012212181645',42,20,'vendredi','2019-03-08','16h-18h',0,0,0),(280,'10003212181653',42,20,'vendredi','2019-03-08','16h-18h',0,0,0),(281,'10106212181656',42,20,'vendredi','2019-03-08','16h-18h',0,0,0),(282,'10005212181697',42,20,'vendredi','2019-03-08','16h-18h',0,0,0),(283,'10003212181653',108,20,'vendredi','2019-03-08','14h-16h',0,0,0),(284,'10102212181641',108,20,'vendredi','2019-03-08','14h-16h',0,0,0),(285,'10101212181629',108,20,'vendredi','2019-03-08','14h-16h',0,0,0),(286,'19909212181688',42,20,'vendredi','2019-03-08','14h-16h',0,0,0),(287,'10012212181682',42,20,'vendredi','2019-03-08','14h-16h',0,0,0),(288,'10001212181699',51,20,'vendredi','2019-03-08','10h-12h',0,0,0),(289,'10002212181626',51,20,'vendredi','2019-03-08','10h-12h',0,0,0),(290,'00003212181627',51,20,'vendredi','2019-03-08','10h-12h',0,0,0),(291,'10103212181633',51,20,'vendredi','2019-03-08','10h-12h',0,0,0),(292,'00101212181634',51,20,'vendredi','2019-03-08','10h-12h',0,0,0),(293,'10007212181640',51,20,'vendredi','2019-03-08','10h-12h',0,0,0),(294,'10009212181698',51,20,'vendredi','2019-03-08','10h-12h',0,0,0),(295,'19703212181669',51,20,'vendredi','2019-03-08','10h-12h',0,0,0),(296,'19803212181670',51,20,'vendredi','2019-03-08','10h-12h',0,0,0),(297,'19510212171558',108,20,'vendredi','2019-03-08','16h-18h',0,0,0),(298,'19708212181693',108,20,'vendredi','2019-03-08','16h-18h',0,0,0),(299,'10012212181659',108,20,'vendredi','2019-03-08','16h-18h',0,0,0),(300,'10010212181663',108,20,'vendredi','2019-03-08','16h-18h',0,0,0),(301,'10102212181678',108,20,'vendredi','2019-03-08','16h-18h',0,0,0),(302,'00005212181618',46,20,'vendredi','2019-03-08','14h-16h',0,0,0),(303,'19510212171558',46,20,'vendredi','2019-03-08','14h-16h',0,0,0),(304,'00005212181691',46,20,'vendredi','2019-03-08','14h-16h',0,0,0),(305,'19708212181693',46,20,'vendredi','2019-03-08','14h-16h',0,0,0),(306,'10102212181678',46,20,'vendredi','2019-03-08','14h-16h',0,0,0),(307,'19807212161477',117,20,'vendredi','2019-03-08','14h-16h',0,0,0),(308,'19708212171541',16,20,'vendredi','2019-03-08','14h-16h',0,0,0),(309,'19809212171538',16,20,'vendredi','2019-03-08','14h-16h',0,0,0),(310,'19803212171559',16,20,'vendredi','2019-03-08','14h-16h',0,0,0),(311,'19805212161488',16,20,'vendredi','2019-03-08','14h-16h',1,1,0),(312,'00001212171608',16,20,'vendredi','2019-03-08','14h-16h',0,0,0),(313,'19710212171574',16,20,'vendredi','2019-03-08','14h-16h',0,0,0),(314,'19301212181685',16,20,'vendredi','2019-03-08','14h-16h',0,0,0),(315,'19708212171541',19,20,'vendredi','2019-03-08','16h-18h',0,1,0),(316,'19809212171538',19,20,'vendredi','2019-03-08','16h-18h',0,1,0),(317,'19806212171578',19,20,'vendredi','2019-03-08','16h-18h',0,1,0),(318,'19907212171573',19,20,'vendredi','2019-03-08','16h-18h',0,0,0),(319,'19805212161488',19,20,'vendredi','2019-03-08','16h-18h',1,1,0),(320,'00001212171608',19,20,'vendredi','2019-03-08','16h-18h',0,0,0),(321,'19301212181685',19,20,'vendredi','2019-03-08','16h-18h',0,0,0),(322,'09808212171609',19,20,'vendredi','2019-03-08','16h-18h',0,0,0),(323,'09902212171584',19,20,'vendredi','2019-03-08','16h-18h',0,0,0),(324,'19705212151418',19,20,'vendredi','2019-03-08','16h-18h',0,0,0),(325,'19508212161529',19,20,'vendredi','2019-03-08','16h-18h',0,0,0),(326,'19806212171596',25,20,'vendredi','2019-03-08','10h-12h',0,0,0),(327,'19802212171555',25,20,'vendredi','2019-03-08','10h-12h',0,0,0),(328,'19705212151418',25,20,'vendredi','2019-03-08','10h-12h',0,0,0),(329,'00001212171586',25,20,'vendredi','2019-03-08','10h-12h',0,0,0),(330,'10001212171566',33,20,'jeudi','2019-03-14','16h-18h',0,0,0),(331,'09912212171582',33,20,'jeudi','2019-03-14','16h-18h',0,0,0),(332,'19807212161515',16,20,'jeudi','2019-03-14','10h-12h',0,0,0),(333,'19806212171596',16,20,'jeudi','2019-03-14','10h-12h',0,0,0),(334,'19802212171555',16,20,'jeudi','2019-03-14','10h-12h',0,0,0),(335,'19705212151418',16,20,'jeudi','2019-03-14','10h-12h',0,0,0),(336,'00001212171586',16,20,'jeudi','2019-03-14','10h-12h',0,0,0),(337,'19708212171541',30,20,'mercredi','2019-03-13','16h-18h',0,0,0),(338,'19809212171538',30,20,'mercredi','2019-03-13','16h-18h',0,0,0),(339,'19806212171578',30,20,'mercredi','2019-03-13','16h-18h',0,0,0),(340,'19805212161488',30,20,'mercredi','2019-03-13','16h-18h',0,0,0),(341,'19301212181685',30,20,'mercredi','2019-03-13','16h-18h',0,0,0),(342,'19508212161529',33,20,'jeudi','2019-03-14','14h-16h',0,0,0),(343,'00006212171568',33,20,'jeudi','2019-03-14','14h-16h',0,0,0),(344,'19705212151418',33,20,'jeudi','2019-03-14','14h-16h',0,0,0),(345,'19301212181685',33,20,'jeudi','2019-03-14','14h-16h',0,0,0),(346,'19805212161488',33,20,'jeudi','2019-03-14','14h-16h',0,0,0),(347,'19809212171538',33,20,'jeudi','2019-03-14','14h-16h',0,0,0),(348,'19311212151425',85,20,'jeudi','2019-03-14','10h-12h',0,0,0),(349,'19607212141371',85,20,'jeudi','2019-03-14','10h-12h',0,0,0),(350,'19704212151434',85,20,'jeudi','2019-03-14','10h-12h',0,0,0),(351,'19602212141323',85,20,'jeudi','2019-03-14','10h-12h',0,0,0),(352,'19607212151427',85,20,'jeudi','2019-03-14','10h-12h',0,0,0),(353,'09706212151405',85,20,'jeudi','2019-03-14','10h-12h',0,0,0),(354,'19605212151386',85,20,'jeudi','2019-03-14','10h-12h',0,0,0),(355,'19111212141367',85,20,'jeudi','2019-03-14','10h-12h',0,0,0),(356,'19801212151388',85,20,'lundi','2019-03-11','10h-12h',0,0,0),(357,'09701212151428',85,20,'lundi','2019-03-11','10h-12h',0,0,0),(358,'19408212141322',85,20,'lundi','2019-03-11','10h-12h',0,0,0),(359,'09708212151438',85,20,'lundi','2019-03-11','10h-12h',0,0,0),(360,'19508212151431',85,20,'lundi','2019-03-11','10h-12h',0,0,0),(361,'19706212141307',85,20,'lundi','2019-03-11','10h-12h',0,0,0),(362,'10101212181629',39,20,'mercredi','2019-03-13','16h-18h',0,0,0),(363,'10102212181641',39,20,'mercredi','2019-03-13','16h-18h',0,0,0),(364,'10012212181645',39,20,'mercredi','2019-03-13','16h-18h',0,0,0),(365,'10003212181653',39,20,'mercredi','2019-03-13','16h-18h',0,0,0),(366,'10003212181694',52,20,'jeudi','2019-03-14','14h-16h',0,0,0),(367,'19511212181650',52,20,'jeudi','2019-03-14','14h-16h',0,0,0),(368,'19708212181693',52,20,'jeudi','2019-03-14','14h-16h',0,0,0),(369,'10012212181659',52,20,'jeudi','2019-03-14','14h-16h',0,0,0),(370,'10102212181678',52,20,'jeudi','2019-03-14','14h-16h',0,0,0),(371,'10010212181692',46,20,'jeudi','2019-03-14','8h-10h',0,0,0),(372,'10001212181699',46,20,'jeudi','2019-03-14','8h-10h',0,0,0),(373,'19909212181688',46,20,'jeudi','2019-03-14','8h-10h',0,0,0),(374,'10007212181640',46,20,'jeudi','2019-03-14','8h-10h',0,0,0),(375,'10001212181699',12,20,'mercredi','2019-03-13','16h-18h',0,0,0),(376,'00003212181627',12,20,'mercredi','2019-03-13','16h-18h',0,0,0),(377,'00101212181634',12,20,'mercredi','2019-03-13','16h-18h',0,0,0),(378,'10007212181640',12,20,'mercredi','2019-03-13','16h-18h',0,0,0),(379,'10009212181698',12,20,'mercredi','2019-03-13','16h-18h',0,0,0),(380,'19703212181669',12,20,'mercredi','2019-03-13','16h-18h',0,0,0),(381,'19803212181670',12,20,'mercredi','2019-03-13','16h-18h',0,0,0),(382,'10104212181680',12,20,'mercredi','2019-03-13','16h-18h',0,0,0),(383,'10001212181699',105,20,'jeudi','2019-03-14','13h-15h',0,0,0),(384,'19809212161461',66,20,'jeudi','2019-03-14','8h-10h',0,0,0),(385,'09607212161519',66,20,'jeudi','2019-03-14','10h-12h',0,0,0),(386,'19702212161500',66,20,'jeudi','2019-03-14','10h-12h',0,0,0),(387,'19702212161532',66,20,'jeudi','2019-03-14','10h-12h',0,0,0),(388,'19611212161463',66,20,'jeudi','2019-03-14','10h-12h',0,0,0),(389,'19711212151439',66,20,'jeudi','2019-03-14','10h-12h',0,0,0),(390,'19707212161466',66,20,'jeudi','2019-03-14','10h-12h',0,0,0),(391,'19807212161477',66,20,'jeudi','2019-03-14','10h-12h',0,0,0),(392,'19812212161484',66,20,'jeudi','2019-03-14','10h-12h',0,0,0),(393,'19803212161468',27,20,'mardi','2019-03-12','10h-12h',0,0,0),(394,'19809212171538',27,20,'mardi','2019-03-12','10h-12h',0,0,0),(395,'19805212161488',27,20,'mardi','2019-03-12','10h-12h',0,0,0),(396,'19705212151418',27,20,'mardi','2019-03-12','10h-12h',0,0,0),(397,'19508212161529',31,20,'mardi','2019-03-12','13h-15h',0,0,0),(398,'19809212171538',31,20,'mardi','2019-03-12','13h-15h',0,0,0),(399,'19805212161488',31,20,'mardi','2019-03-12','13h-15h',0,0,0),(400,'19705212151418',31,20,'mardi','2019-03-12','13h-15h',0,0,0),(401,'10010212181711',51,20,'mercredi','2019-03-13','10h-12h',0,0,0),(402,'19903212171579',51,20,'mercredi','2019-03-13','10h-12h',0,0,0),(403,'10101212181629',51,20,'mercredi','2019-03-13','10h-12h',0,0,0),(404,'10003212181653',51,20,'mercredi','2019-03-13','10h-12h',0,0,0),(405,'19909212181631',108,20,'mardi','2019-03-12','10h-12h',0,0,0),(406,'10012212181645',108,20,'mardi','2019-03-12','10h-12h',0,0,0),(407,'10002212181624',51,20,'vendredi','2019-03-15','10h-12h',0,0,0),(408,'19909212181688',51,20,'vendredi','2019-03-15','10h-12h',0,0,0),(409,'10103212181633',51,20,'vendredi','2019-03-15','10h-12h',0,0,0),(410,'10009212181698',51,20,'vendredi','2019-03-15','10h-12h',0,0,0),(411,'10002212181706',51,20,'vendredi','2019-03-15','10h-12h',0,0,0),(412,'19907212181664',51,20,'vendredi','2019-03-15','10h-12h',0,0,0),(413,'10012212181682',51,20,'vendredi','2019-03-15','10h-12h',0,0,0),(414,'00007212181622',46,20,'vendredi','2019-03-15','10h-12h',0,0,0),(415,'09908212181625',46,20,'vendredi','2019-03-15','10h-12h',0,0,0),(416,'09702212151402',27,20,'mercredi','2019-03-13','8h-10h',0,0,0),(417,'19905212171540',27,20,'mercredi','2019-03-13','8h-10h',0,0,0),(418,'00004212171607',27,20,'mercredi','2019-03-13','8h-10h',0,0,0),(419,'10010212181692',42,20,'vendredi','2019-03-15','14h-16h',0,0,0),(420,'10010212181711',108,20,'vendredi','2019-03-15','14h-16h',0,0,0),(421,'10004212181635',108,20,'vendredi','2019-03-15','14h-16h',0,0,0),(422,'19809212171538',16,20,'vendredi','2019-03-15','14h-16h',0,0,0),(423,'19805212161488',16,20,'vendredi','2019-03-15','14h-16h',0,0,0),(424,'00001212171608',16,20,'vendredi','2019-03-15','14h-16h',0,0,0),(425,'19301212181685',16,20,'vendredi','2019-03-15','14h-16h',0,0,0),(426,'19508212161529',16,20,'vendredi','2019-03-15','14h-16h',0,0,0),(427,'10001212181699',12,20,'lundi','2019-03-18','8h-10h',0,0,0),(428,'00003212181627',12,20,'lundi','2019-03-18','8h-10h',0,0,0),(429,'19909212181688',12,20,'lundi','2019-03-18','8h-10h',0,0,0),(430,'10012212181682',12,20,'lundi','2019-03-18','8h-10h',0,0,0),(431,'10002212181624',12,20,'lundi','2019-03-18','8h-10h',0,0,0),(432,'19510212171558',12,20,'lundi','2019-03-18','10h-12h',0,0,0),(433,'19708212181693',12,20,'lundi','2019-03-18','10h-12h',0,0,0),(434,'19503212171610',80,20,'samedi','2019-03-16','8h-10h',0,0,0),(435,'09801212151394',80,20,'samedi','2019-03-16','8h-10h',0,0,0),(436,'19408212141322',80,20,'samedi','2019-03-16','8h-10h',0,0,0),(437,'19706212141307',80,20,'samedi','2019-03-16','8h-10h',0,0,0),(438,'09506212151407',80,20,'samedi','2019-03-16','8h-10h',1,0,0),(439,'19508212151381',80,20,'samedi','2019-03-16','8h-10h',0,0,0),(440,'19909212171576',27,20,'lundi','2019-03-18','8h-10h',0,0,0),(441,'09912212171582',27,20,'lundi','2019-03-18','8h-10h',0,0,0),(442,'09708212171597',24,20,'lundi','2019-03-18','10h-12h',0,0,0),(443,'09903212171593',24,20,'lundi','2019-03-18','10h-12h',0,0,0),(444,'09702212151402',24,20,'lundi','2019-03-18','10h-12h',0,0,0),(445,'09912212171582',24,20,'lundi','2019-03-18','10h-12h',0,0,0),(446,'09902212171598',24,20,'lundi','2019-03-18','10h-12h',0,0,0),(447,'00006212171548',24,20,'lundi','2019-03-18','10h-12h',0,0,0),(448,'19905212171572',24,20,'lundi','2019-03-18','10h-12h',0,0,0),(449,'10101212181629',12,20,'lundi','2019-03-18','8h-10h',1,1,0),(450,'10005212181697',12,20,'lundi','2019-03-18','8h-10h',0,0,0),(451,'19907212171573',34,20,'lundi','2019-03-18','8h-10h',0,0,0),(452,'19805212161488',34,20,'lundi','2019-03-18','8h-10h',0,0,0),(453,'19301212181685',34,20,'lundi','2019-03-18','8h-10h',0,0,0),(454,'09902212171584',34,20,'lundi','2019-03-18','8h-10h',0,0,0),(455,'19908212171543',34,20,'lundi','2019-03-18','8h-10h',0,0,0),(456,'19705212151418',34,20,'lundi','2019-03-18','8h-10h',0,0,0),(457,'19508212161529',34,20,'lundi','2019-03-18','8h-10h',0,0,0),(458,'19907212171573',27,20,'lundi','2019-03-18','10h-12h',0,0,0),(459,'19805212161488',27,20,'lundi','2019-03-18','10h-12h',0,0,0),(460,'19710212171574',27,20,'lundi','2019-03-18','10h-12h',0,0,0),(461,'09902212171584',27,20,'lundi','2019-03-18','10h-12h',0,0,0),(462,'19705212151418',27,20,'lundi','2019-03-18','10h-12h',0,0,0),(463,'19607212141371',80,20,'samedi','2019-03-16','8h-10h',0,0,0),(464,'19602212141323',80,20,'samedi','2019-03-16','8h-10h',0,0,0),(465,'19607212151427',80,20,'samedi','2019-03-16','8h-10h',0,0,0),(466,'09706212151405',80,20,'samedi','2019-03-16','8h-10h',1,1,0),(467,'19605212151386',80,20,'samedi','2019-03-16','8h-10h',0,0,0),(468,'19111212141367',80,20,'samedi','2019-03-16','8h-10h',0,0,0),(469,'19308212151377',80,20,'samedi','2019-03-16','8h-10h',0,0,0),(470,'19511212151429',80,20,'samedi','2019-03-16','8h-10h',0,0,0),(471,'09602212151435',80,20,'samedi','2019-03-16','8h-10h',0,0,0),(472,'19907212171573',16,20,'lundi','2019-03-18','14h-16h',0,0,0),(473,'19805212161488',16,20,'lundi','2019-03-18','14h-16h',0,0,0),(474,'19710212171574',16,20,'lundi','2019-03-18','14h-16h',0,0,0),(475,'09902212171584',16,20,'lundi','2019-03-18','14h-16h',0,0,0),(476,'19705212151418',16,20,'lundi','2019-03-18','14h-16h',0,0,0),(477,'19510212171558',39,20,'lundi','2019-03-18','14h-16h',0,0,0),(478,'10009212181698',39,20,'lundi','2019-03-18','16h-18h',0,0,0),(479,'19911212181681',39,20,'lundi','2019-03-18','16h-18h',0,0,0),(480,'10010212181692',108,20,'lundi','2019-03-18','14h-16h',0,0,0),(481,'10007212181640',108,20,'lundi','2019-03-18','14h-16h',0,0,0),(482,'10009212181698',108,20,'lundi','2019-03-18','14h-16h',0,0,0),(483,'19803212161468',27,20,'mardi','2019-03-19','10h-12h',0,0,0),(484,'19809212171538',27,20,'mardi','2019-03-19','10h-12h',0,0,0),(485,'19803212171559',27,20,'mardi','2019-03-19','10h-12h',0,0,0),(486,'19805212161488',27,20,'mardi','2019-03-19','10h-12h',0,0,0),(487,'19301212181685',27,20,'mardi','2019-03-19','10h-12h',0,0,0),(488,'10003212181694',12,20,'mardi','2019-03-19','10h-12h',0,0,0),(489,'19510212171558',12,20,'mardi','2019-03-19','10h-12h',0,0,0),(490,'10102212181623',40,20,'mardi','2019-03-19','8h-10h',0,0,0),(491,'10102212181641',40,20,'mardi','2019-03-19','8h-10h',0,0,0),(492,'10012212181645',40,20,'mardi','2019-03-19','8h-10h',0,0,0),(493,'10003212181653',40,20,'mardi','2019-03-19','8h-10h',0,0,0),(494,'10012212181645',108,20,'mardi','2019-03-19','10h-12h',0,0,0),(495,'10002212181624',108,20,'mardi','2019-03-19','8h-10h',0,0,0),(496,'10001212181643',108,20,'mardi','2019-03-19','8h-10h',0,0,0),(497,'10002212181706',108,20,'mardi','2019-03-19','8h-10h',0,0,0),(498,'19703212181669',108,20,'mardi','2019-03-19','8h-10h',0,0,0),(499,'19909212181688',40,20,'mardi','2019-03-19','10h-12h',0,0,0),(500,'10009212181698',40,20,'mardi','2019-03-19','10h-12h',0,0,0),(501,'19703212181669',40,20,'mardi','2019-03-19','10h-12h',0,0,0),(502,'19702212161500',66,20,'mardi','2019-03-19','10h-12h',0,0,0),(503,'09810212161464',66,20,'mardi','2019-03-19','10h-12h',0,0,0),(504,'19709212181712',66,20,'mardi','2019-03-19','10h-12h',0,0,0),(505,'19707212161466',66,20,'mardi','2019-03-19','10h-12h',0,0,0),(506,'19812212161484',66,20,'mardi','2019-03-19','10h-12h',0,0,0),(507,'10104212181696',49,20,'mardi','2019-03-19','16h-18h',0,0,0),(508,'19809212171538',31,20,'mardi','2019-03-19','13h-17h',0,0,0),(509,'19705212151418',31,20,'mardi','2019-03-19','13h-17h',0,0,0),(510,'19508212161529',31,20,'mardi','2019-03-19','13h-17h',0,0,0),(511,'09811212161456',117,20,'lundi','2019-03-18','10h-12h',0,0,0),(512,'19702212161500',117,20,'lundi','2019-03-18','10h-12h',0,0,0),(513,'19702212161532',117,20,'lundi','2019-03-18','10h-12h',0,0,0),(514,'19709212181712',117,20,'lundi','2019-03-18','10h-12h',0,0,0),(515,'19807212161477',117,20,'lundi','2019-03-18','10h-12h',0,0,0),(516,'19802212161495',117,20,'lundi','2019-03-18','10h-12h',0,0,0),(517,'19710212171601',58,20,'mardi','2019-03-19','8h-10h',0,0,0),(518,'19708212161509',58,20,'mardi','2019-03-19','8h-10h',0,0,0),(519,'19607212151392',58,20,'mardi','2019-03-19','8h-10h',0,0,0),(520,'19303212181710',58,20,'mardi','2019-03-19','8h-10h',0,0,0),(521,'19804212161494',58,20,'mardi','2019-03-19','8h-10h',0,0,0),(522,'19711212161496',58,20,'mardi','2019-03-19','8h-10h',0,0,0),(523,'19507212161521',58,20,'mardi','2019-03-19','8h-10h',0,0,0),(524,'19809212161461',69,20,'lundi','2019-03-18','16h-18h',0,0,0),(525,'19901212181684',69,20,'lundi','2019-03-18','16h-18h',0,0,0),(526,'19902212161469',69,20,'lundi','2019-03-18','16h-18h',1,1,0),(527,'19408212161520',69,20,'lundi','2019-03-18','16h-18h',0,0,0),(528,'19303212181710',69,20,'lundi','2019-03-18','16h-18h',0,0,0),(529,'19711212161496',69,20,'lundi','2019-03-18','16h-18h',0,0,0),(530,'19908212171543',30,20,'mercredi','2019-03-20','10h-12h',0,0,0),(531,'19705212151418',30,20,'mercredi','2019-03-20','10h-12h',0,0,0),(532,'09702212151402',30,20,'mercredi','2019-03-20','8h-10h',0,0,0),(533,'19905212171540',30,20,'mercredi','2019-03-20','8h-10h',0,0,0),(534,'00004212171607',30,20,'mercredi','2019-03-20','8h-10h',0,0,0),(535,'09607212161519',116,20,'mercredi','2019-03-20','8h-10h',0,0,0),(536,'19702212161500',116,20,'mercredi','2019-03-20','8h-10h',0,0,0),(537,'19808212161470',116,20,'mercredi','2019-03-20','8h-10h',0,0,0),(538,'09810212161464',116,20,'mercredi','2019-03-20','8h-10h',0,0,0),(539,'19702212161532',116,20,'mercredi','2019-03-20','8h-10h',0,0,0),(540,'19709212181712',116,20,'mercredi','2019-03-20','8h-10h',0,0,0),(541,'19707212161466',116,20,'mercredi','2019-03-20','8h-10h',0,0,0),(542,'19807212161477',116,20,'mercredi','2019-03-20','8h-10h',0,0,0),(543,'19802212161495',116,20,'mercredi','2019-03-20','8h-10h',0,0,0),(544,'19812212161484',116,20,'mercredi','2019-03-20','8h-10h',0,0,0),(545,'19711212161472',116,20,'mercredi','2019-03-20','10h-12h',0,0,0),(546,'19707212161458',116,20,'mercredi','2019-03-20','10h-12h',0,0,0),(547,'19507212161521',116,20,'mercredi','2019-03-20','10h-12h',0,0,0),(548,'00010212181644',49,20,'mercredi','2019-03-20','10h-12h',0,0,0),(549,'10002212181706',49,20,'mercredi','2019-03-20','10h-12h',0,0,0),(550,'19703212181669',49,20,'mercredi','2019-03-20','10h-12h',0,0,0),(551,'00010212181675',37,20,'mercredi','2019-03-20','8h-10h',0,0,0),(552,'10010212181711',51,20,'mercredi','2019-03-20','10h-12h',0,0,0),(553,'10101212181629',51,20,'mercredi','2019-03-20','10h-12h',0,0,0),(554,'10012212181645',51,20,'mercredi','2019-03-20','10h-12h',0,0,0),(555,'10003212181653',51,20,'mercredi','2019-03-20','10h-12h',0,0,0),(556,'00010212181675',51,20,'mercredi','2019-03-20','10h-12h',0,0,0),(557,'19703212181642',46,20,'mercredi','2019-03-20','10h-12h',0,0,0),(558,'09908212181625',51,20,'mercredi','2019-03-20','8h-10h',0,0,0),(559,'19703212181642',51,20,'mercredi','2019-03-20','8h-10h',0,0,0),(560,'19510212171558',51,20,'mercredi','2019-03-20','8h-10h',0,0,0),(561,'00105212181655',51,20,'mercredi','2019-03-20','8h-10h',0,0,0),(562,'10010212181711',39,20,'vendredi','2019-03-22','8h-10h',0,0,0),(563,'10101212181629',39,20,'vendredi','2019-03-22','8h-10h',0,0,0),(564,'19909212181631',39,20,'vendredi','2019-03-22','8h-10h',0,0,0),(565,'10107212181703',39,20,'vendredi','2019-03-22','8h-10h',0,0,0),(566,'10102212181641',39,20,'vendredi','2019-03-22','8h-10h',0,0,0),(567,'10012212181645',39,20,'vendredi','2019-03-22','8h-10h',0,0,0),(568,'10003212181653',39,20,'vendredi','2019-03-22','8h-10h',0,0,0),(569,'10005212181697',39,20,'vendredi','2019-03-22','8h-10h',0,0,0),(570,'10004212181683',39,20,'vendredi','2019-03-22','8h-10h',0,0,0),(571,'10102212181623',52,20,'jeudi','2019-03-21','8h-10h',0,0,0),(572,'10101212181629',52,20,'jeudi','2019-03-21','8h-10h',0,0,0),(573,'10107212181703',52,20,'jeudi','2019-03-21','8h-10h',0,0,0),(574,'10012212181645',52,20,'jeudi','2019-03-21','8h-10h',0,0,0),(575,'09508212181674',42,20,'vendredi','2019-03-22','14h-16h',0,0,0),(576,'19911212181681',42,20,'vendredi','2019-03-22','14h-16h',0,0,0),(577,'19909212181688',51,20,'vendredi','2019-03-22','10h-12h',0,0,0),(578,'10002212181706',51,20,'vendredi','2019-03-22','10h-12h',0,0,0),(579,'19703212181669',51,20,'vendredi','2019-03-22','10h-12h',0,0,0),(580,'09508212181674',51,20,'vendredi','2019-03-22','10h-12h',0,0,0),(581,'19510212171558',108,20,'vendredi','2019-03-22','16h-18h',0,0,0),(582,'19708212181693',108,20,'vendredi','2019-03-22','16h-18h',0,0,0),(583,'00006212181708',108,20,'vendredi','2019-03-22','16h-18h',0,0,0),(584,'10102212181678',108,20,'vendredi','2019-03-22','16h-18h',0,0,0),(585,'19708212171541',19,20,'vendredi','2019-03-22','16h-18h',0,0,0),(586,'19809212171538',19,20,'vendredi','2019-03-22','16h-18h',0,0,0),(587,'19803212171559',19,20,'vendredi','2019-03-22','16h-18h',0,0,0),(588,'19907212171573',19,20,'vendredi','2019-03-22','16h-18h',0,0,0),(589,'19805212161488',19,20,'vendredi','2019-03-22','16h-18h',0,0,0),(590,'19301212181685',19,20,'vendredi','2019-03-22','16h-18h',0,0,0),(591,'19807212161515',19,20,'vendredi','2019-03-22','16h-18h',0,0,0),(592,'09808212171609',19,20,'vendredi','2019-03-22','16h-18h',0,0,0),(593,'09902212181686',19,20,'vendredi','2019-03-22','16h-18h',0,0,0),(594,'19808212171552',19,20,'vendredi','2019-03-22','16h-18h',0,0,0),(595,'19803212161468',33,20,'jeudi','2019-03-21','14h-16h',0,0,0),(596,'19805212161488',33,20,'jeudi','2019-03-21','14h-16h',0,0,0),(597,'19806212171596',33,20,'jeudi','2019-03-21','14h-16h',0,0,0),(598,'19705212151418',33,20,'jeudi','2019-03-21','14h-16h',0,0,0),(599,'19508212161529',33,20,'jeudi','2019-03-21','14h-16h',0,0,0),(600,'19508212161529',34,20,'vendredi','2019-03-22','10h-12h',0,0,0),(601,'19705212151418',34,20,'vendredi','2019-03-22','10h-12h',0,0,0),(602,'19908212171543',34,20,'vendredi','2019-03-22','10h-12h',0,0,0),(603,'19805212161488',34,20,'vendredi','2019-03-22','10h-12h',0,0,0),(604,'19907212171573',34,20,'vendredi','2019-03-22','10h-12h',0,0,0),(605,'19803212171559',34,20,'vendredi','2019-03-22','10h-12h',0,0,0),(606,'19911212171562',34,20,'vendredi','2019-03-22','10h-12h',0,0,0),(607,'09811212161456',114,20,'mercredi','2019-03-20','16h-18h',0,0,0),(608,'09607212161519',114,20,'mercredi','2019-03-20','16h-18h',0,0,0),(609,'19702212161500',114,20,'mercredi','2019-03-20','16h-18h',0,0,0),(610,'19604212171602',114,20,'mercredi','2019-03-20','16h-18h',0,0,0),(611,'09810212161464',114,20,'mercredi','2019-03-20','16h-18h',0,0,0),(612,'19606212171612',114,20,'mercredi','2019-03-20','16h-18h',0,0,0),(613,'19805212161471',114,20,'mercredi','2019-03-20','16h-18h',0,0,0),(614,'19711212151439',114,20,'mercredi','2019-03-20','16h-18h',0,0,0),(615,'09805212161487',114,20,'mercredi','2019-03-20','16h-18h',0,0,0),(616,'19801212161467',114,20,'mercredi','2019-03-20','16h-18h',0,0,0),(617,'19802212161492',114,20,'mercredi','2019-03-20','16h-18h',0,0,0),(618,'19707212161466',114,20,'mercredi','2019-03-20','16h-18h',0,0,0),(619,'19802212161495',114,20,'mercredi','2019-03-20','16h-18h',0,0,0),(620,'19803212171611',114,20,'mercredi','2019-03-20','16h-18h',0,0,0),(621,'19812212161484',114,20,'mercredi','2019-03-20','16h-18h',0,0,0),(622,'19607212151427',80,20,'samedi','2019-03-23','10h-12h',0,0,0),(623,'19605212151386',80,20,'samedi','2019-03-23','10h-12h',0,0,0),(624,'19503212171610',80,20,'samedi','2019-03-23','8h-10h',0,0,0),(625,'19408212141322',80,20,'samedi','2019-03-23','8h-10h',0,0,0),(626,'19706212141307',80,20,'samedi','2019-03-23','8h-10h',0,0,0);
/*!40000 ALTER TABLE `absence` ENABLE KEYS */;
UNLOCK TABLES;

--
-- Table structure for table `administrateur`
--

DROP TABLE IF EXISTS `administrateur`;
/*!40101 SET @saved_cs_client     = @@character_set_client */;
/*!40101 SET character_set_client = utf8 */;
CREATE TABLE `administrateur` (
  `id` int(11) NOT NULL AUTO_INCREMENT,
  `password` varchar(255) DEFAULT NULL,
  `username` varchar(255) DEFAULT NULL,
  PRIMARY KEY (`id`)
) ENGINE=MyISAM AUTO_INCREMENT=3 DEFAULT CHARSET=latin1;
/*!40101 SET character_set_client = @saved_cs_client */;

--
-- Dumping data for table `administrateur`
--

LOCK TABLES `administrateur` WRITE;
/*!40000 ALTER TABLE `administrateur` DISABLE KEYS */;
INSERT INTO `administrateur` VALUES (1,'youssef1990','esisa');
/*!40000 ALTER TABLE `administrateur` ENABLE KEYS */;
UNLOCK TABLES;

--
-- Table structure for table `annee`
--

DROP TABLE IF EXISTS `annee`;
/*!40101 SET @saved_cs_client     = @@character_set_client */;
/*!40101 SET character_set_client = utf8 */;
CREATE TABLE `annee` (
  `id` int(11) NOT NULL AUTO_INCREMENT,
  `annee` varchar(45) DEFAULT NULL,
  PRIMARY KEY (`id`)
) ENGINE=InnoDB AUTO_INCREMENT=22 DEFAULT CHARSET=latin1;
/*!40101 SET character_set_client = @saved_cs_client */;

--
-- Dumping data for table `annee`
--

LOCK TABLES `annee` WRITE;
/*!40000 ALTER TABLE `annee` DISABLE KEYS */;
INSERT INTO `annee` VALUES (1,'1999-2000'),(2,'2000-2001'),(3,'2001-2002'),(4,'2002-2003'),(5,'2003-2004'),(6,'2004-2005'),(7,'2005-2006'),(8,'2006-2007'),(9,'2007-2008'),(10,'2008-2009'),(11,'2009-2010'),(12,'2010-2011'),(13,'2011-2012'),(14,'2012-2013'),(15,'2013-2014'),(16,'2014-2015'),(17,'2015-2016'),(18,'2016-2017'),(19,'2017-2018'),(20,'2018-2019'),(21,'2019-2020');
/*!40000 ALTER TABLE `annee` ENABLE KEYS */;
UNLOCK TABLES;

--
-- Table structure for table `attestationreussite`
--

DROP TABLE IF EXISTS `attestationreussite`;
/*!40101 SET @saved_cs_client     = @@character_set_client */;
/*!40101 SET character_set_client = utf8 */;
CREATE TABLE `attestationreussite` (
  `id` int(11) NOT NULL AUTO_INCREMENT,
  `id_E` varchar(100) DEFAULT NULL,
  `id_A` int(11) DEFAULT NULL,
  `date` varchar(45) DEFAULT NULL,
  PRIMARY KEY (`id`),
  KEY `id_Etudiant_idx` (`id_E`),
  KEY `id_Annee_idx` (`id_A`),
  CONSTRAINT `id_A` FOREIGN KEY (`id_A`) REFERENCES `annee` (`id`) ON DELETE CASCADE ON UPDATE CASCADE,
  CONSTRAINT `id_E` FOREIGN KEY (`id_E`) REFERENCES `etudiant` (`idEtudiant`) ON DELETE CASCADE ON UPDATE CASCADE
) ENGINE=InnoDB DEFAULT CHARSET=latin1;
/*!40101 SET character_set_client = @saved_cs_client */;

--
-- Dumping data for table `attestationreussite`
--

LOCK TABLES `attestationreussite` WRITE;
/*!40000 ALTER TABLE `attestationreussite` DISABLE KEYS */;
/*!40000 ALTER TABLE `attestationreussite` ENABLE KEYS */;
UNLOCK TABLES;

--
-- Table structure for table `attestationscolarite`
--

DROP TABLE IF EXISTS `attestationscolarite`;
/*!40101 SET @saved_cs_client     = @@character_set_client */;
/*!40101 SET character_set_client = utf8 */;
CREATE TABLE `attestationscolarite` (
  `id` int(11) NOT NULL AUTO_INCREMENT,
  `id_Et` varchar(100) DEFAULT NULL,
  `id_An` int(11) DEFAULT NULL,
  `date` varchar(45) DEFAULT NULL,
  PRIMARY KEY (`id`),
  KEY `id_An_idx` (`id_An`),
  KEY `id_Et` (`id_Et`),
  CONSTRAINT `id_An` FOREIGN KEY (`id_An`) REFERENCES `annee` (`id`) ON DELETE CASCADE ON UPDATE CASCADE,
  CONSTRAINT `id_Et` FOREIGN KEY (`id_Et`) REFERENCES `etudiant` (`idEtudiant`) ON DELETE CASCADE ON UPDATE CASCADE
) ENGINE=InnoDB DEFAULT CHARSET=latin1;
/*!40101 SET character_set_client = @saved_cs_client */;

--
-- Dumping data for table `attestationscolarite`
--

LOCK TABLES `attestationscolarite` WRITE;
/*!40000 ALTER TABLE `attestationscolarite` DISABLE KEYS */;
/*!40000 ALTER TABLE `attestationscolarite` ENABLE KEYS */;
UNLOCK TABLES;

--
-- Table structure for table `document`
--

DROP TABLE IF EXISTS `document`;
/*!40101 SET @saved_cs_client     = @@character_set_client */;
/*!40101 SET character_set_client = utf8 */;
CREATE TABLE `document` (
  `idDocument` int(11) NOT NULL AUTO_INCREMENT,
  `nom` varchar(45) DEFAULT NULL,
  `imagePath` varchar(450) DEFAULT NULL,
  PRIMARY KEY (`idDocument`)
) ENGINE=InnoDB AUTO_INCREMENT=482 DEFAULT CHARSET=latin1;
/*!40101 SET character_set_client = @saved_cs_client */;

--
-- Dumping data for table `document`
--

LOCK TABLES `document` WRITE;
/*!40000 ALTER TABLE `document` DISABLE KEYS */;
INSERT INTO `document` VALUES (1,'BAC LAKHAL Abdelati','BAC LAKHAL Abdelati.pdf'),(2,'CIN LAKHAL Abdelati','CIN LAKHAL Abdelati.pdf'),(3,'DOSSIER LAKHAL Abdelati','DOSSIER LAKHAL Abdelati.pdf'),(4,'EXTRAIT LAKHAL Abdelati','EXTRAIT LAKHAL Abdelati.pdf'),(5,'RELEVE LAKHAL Abdelati','RELEVE LAKHAL Abdelati.pdf'),(6,'BAC HMIMIN Fatima-Zohra','BAC HMIMIN Fatima-Zohra.pdf'),(7,'CIN HMIMIN Fatima-Zohra','CIN HMIMIN Fatima-Zohra.pdf'),(8,'DOSSIER HMIMIN Fatima-Zohra','DOSSIER HMIMIN Fatima-Zohra.pdf'),(9,'EXTRAIT HMIMIN Fatima-Zohra','EXTRAIT HMIMIN Fatima-Zohra.pdf'),(10,'RELEVE HMIMIN Fatima-Zohra','RELEVE HMIMIN Fatima-Zohra.pdf'),(11,'CIN  ABAKHOUCH Basma','CIN  ABAKHOUCH Basma.pdf'),(12,'BAC ABAKHOUCH Basma','BAC ABAKHOUCH Basma.pdf'),(13,'DOSSIER ABAKHOUCH Basma','DOSSIER ABAKHOUCH Basma.pdf'),(14,'EXTRAIT ABAKHOUCH Basma','EXTRAIT ABAKHOUCH Basma.pdf'),(15,'RELEVE (Copie) ABAKHOUCH Basma','RELEVE (Copie) ABAKHOUCH Basma.pdf'),(16,'BAC ABDELLI Bouchra','BAC ABDELLI Bouchra.pdf'),(17,'CIN ABDELLI Bouchra','CIN ABDELLI Bouchra.pdf'),(18,'DOSSIER ABDELLI Bouchra','DOSSIER ABDELLI Bouchra.pdf'),(19,'EXTRAIT ABDELLI Bouchra','EXTRAIT ABDELLI Bouchra.pdf'),(20,'RELEVE DES NOTES ABDELLI Bouchra','RELEVE DES NOTES ABDELLI Bouchra.pdf'),(21,'BAC ALAOUI ISMAILI Ibtissam','BAC ALAOUI ISMAILI Ibtissam.pdf'),(22,'CIN ALAOUI ISMAILI Ibtissam','CIN ALAOUI ISMAILI Ibtissam.pdf'),(23,'DOSSIER ALAOUI ISMAILI Ibtissam','DOSSIER ALAOUI ISMAILI Ibtissam.pdf'),(24,'EXTRAIT ALAOUI ISMAILI Ibtissam','EXTRAIT ALAOUI ISMAILI Ibtissam.pdf'),(25,'RELEVE ALAOUI ISMAILI Ibtissam','RELEVE ALAOUI ISMAILI Ibtissam.pdf'),(26,'BAC AMAHRACH Imane','BAC AMAHRACH Imane.pdf'),(27,'CIN AMAHRACH Imane','CIN AMAHRACH Imane.pdf'),(28,'DOSSIER AMAHRACH Imane','DOSSIER AMAHRACH Imane.pdf'),(30,'EXTRAIT AMAHRACH Imane','EXTRAIT AMAHRACH Imane.pdf'),(31,'RELEVE AMAHRACH Imane','RELEVE AMAHRACH Imane.pdf'),(33,'BAC AMHAOUCH Nabil','BAC AMHAOUCH Nabil.pdf'),(34,'CIN AMHAOUCH Nabil','CIN AMHAOUCH Nabil.pdf'),(35,'DOSSSIER AMHAOUCH Nabil','DOSSSIER AMHAOUCH Nabil.pdf'),(36,'EXTRAIT AMHAOUCH Nabil','EXTRAIT AMHAOUCH Nabil.pdf'),(37,'RELEVE AMHAOUCH Nabil','RELEVE AMHAOUCH Nabil.pdf'),(38,'BAC AMHAOUCH Nabil','BAC AMHAOUCH Nabil.pdf'),(39,'CIN AMHAOUCH Nabil','CIN AMHAOUCH Nabil.pdf'),(40,'DOSSSIER AMHAOUCH Nabil','DOSSSIER AMHAOUCH Nabil.pdf'),(41,'EXTRAIT AMHAOUCH Nabil','EXTRAIT AMHAOUCH Nabil.pdf'),(42,'RELEVE AMHAOUCH Nabil','RELEVE AMHAOUCH Nabil.pdf'),(43,'BAC ARHARBI Omar','BAC ARHARBI Omar.pdf'),(44,'CIN ARHARBI Omar','CIN ARHARBI Omar.pdf'),(45,'DOSSIER ARHARBI Omar','DOSSIER ARHARBI Omar.pdf'),(46,'RELEVE ARHARBI Omar','RELEVE ARHARBI Omar.pdf'),(47,'BAC ASSERRAR Othmane','BAC ASSERRAR Othmane.pdf'),(48,'CIN ASSERRAR Othmane','CIN ASSERRAR Othmane.pdf'),(49,'DOSSIER ASSERRAR Othmane','DOSSIER ASSERRAR Othmane.pdf'),(50,'RELEVE ASSERRAR Othmane','RELEVE ASSERRAR Othmane.pdf'),(51,'BAC BAMOU Mohammed','BAC BAMOU Mohammed.Amine.pdf'),(52,'BULLETIN BAMOU Mohammed','BULLETIN BAMOU Mohammed.Amine.pdf'),(53,'CIN BAMOU Mohammed','CIN BAMOU Mohammed.Amine.pdf'),(54,'DOSSIER BAMOU Mohammed','DOSSIER BAMOU Mohammed.Amine.pdf'),(55,'EXTRAIT BAMOU Mohammed','EXTRAIT BAMOU Mohammed.Amine.pdf'),(56,'BAC BARBARA hamza','BAC BARBARA hamza.pdf'),(57,'CIN BARBARA hamza','CIN BARBARA hamza.pdf'),(58,'Dossier BARBARA hamza','Dossier BARBARA hamza.pdf'),(59,'EXTRAIT BARBARA hamza','EXTRAIT BARBARA hamza.pdf'),(60,'RELEVE BARBARA hamza','RELEVE BARBARA hamza.pdf'),(61,'BAC BEL-AYACHI Rim','BAC BEL-AYACHI Rim.pdf'),(62,'BULLETIN BEL-AYACHI Rim','BULLETIN BEL-AYACHI Rim.pdf'),(63,'CIN BEL-AYACHI Rim','CIN BEL-AYACHI Rim.pdf'),(64,'DOSSIER BEL-AYACHI Rim','DOSSIER BEL-AYACHI Rim.pdf'),(66,'EXTRAIT BEL-AYACHI Rim','EXTRAIT BEL-AYACHI Rim.pdf'),(67,'BAC BELKHAYAT ZOUGGARI Yassine','BAC BELKHAYAT ZOUGGARI Yassine.pdf'),(68,'BULLETIN BELKHAYAT ZOUGGARI Yassine','BULLETIN BELKHAYAT ZOUGGARI Yassine.pdf'),(69,'CIN BELKHAYAT ZOUGGARI Yassine','CIN BELKHAYAT ZOUGGARI Yassine.pdf'),(70,'DOSSIER BELKHAYAT ZOUGGARI Yassine','DOSSIER BELKHAYAT ZOUGGARI Yassine.pdf'),(71,'EXTRAIT BELKHAYAT ZOUGGARI Yassine','EXTRAIT BELKHAYAT ZOUGGARI Yassine.pdf'),(72,'BAC BEN AZZA Mohammed','BAC BEN AZZA Mohammed.pdf'),(73,'CIN BEN AZZA Mohammed','CIN BEN AZZA Mohammed.pdf'),(74,'DOSSIER BEN AZZA Mohammed','DOSSIER BEN AZZA Mohammed.pdf'),(75,'EXTRAIT BEN AZZA Mohammed','EXTRAIT BEN AZZA Mohammed.pdf'),(76,'RELEVE  BEN AZZA Mohammed','RELEVE  BEN AZZA Mohammed.pdf'),(77,'BAC BENADDOU IDRISSI Mustapha','BAC BENADDOU IDRISSI Mustapha.pdf'),(78,'CIN BENADDOU IDRISSI Mustapha','CIN BENADDOU IDRISSI Mustapha.pdf'),(79,'Dossier BENADDOU IDRISSI Mustapha','Dossier BENADDOU IDRISSI Mustapha.pdf'),(80,'EXTRAIT BENADDOU IDRISSI Mustapha','EXTRAIT BENADDOU IDRISSI Mustapha.pdf'),(81,'RELEVE BENADDOU IDRISSI Mustapha','RELEVE BENADDOU IDRISSI Mustapha.pdf'),(82,'BAC BENJELLOUN','BAC BENJELLOUN.JBINA Mahmoud.pdf'),(83,'CIN BENJELLOUN','CIN BENJELLOUN.JBINA Mahmoud.pdf'),(84,'DOSSIER BENJELLOUN','DOSSIER BENJELLOUN.JBINA Mahmoud.pdf'),(85,'EXTRAIT BENJELLOUN','EXTRAIT BENJELLOUN.JBINA Mahmoud.pdf'),(86,'BAC BENKIRANE Chaimae','BAC BENKIRANE Chaimae.pdf'),(87,'ATTESTATION EST BENKIRANE Chaimae','ATTESTATION EST BENKIRANE Chaimae.pdf'),(88,'CIN  BENKIRANE Chaimae','CIN  BENKIRANE Chaimae.pdf'),(89,'DOSSIER BENKIRANE Chaimae','DOSSIER BENKIRANE Chaimae.pdf'),(90,'EXTRAIT BENKIRANE Chaimae','EXTRAIT BENKIRANE Chaimae.pdf'),(91,'RELEVE BENKIRANE Chaimae','RELEVE BENKIRANE Chaimae.pdf'),(92,'BAC BENNANI Mahdi','BAC BENNANI Mahdi.pdf'),(93,'CIN BENNANI Mahdi','CIN BENNANI Mahdi.pdf'),(94,'DOSSIER BENNANI Mahdi','DOSSIER BENNANI Mahdi.pdf'),(95,'EXTRAIT BENNANI Mahdi','EXTRAIT BENNANI Mahdi.pdf'),(96,'RELEVE BENNANI Mahdi','RELEVE BENNANI Mahdi.pdf'),(97,'BAC BENSBAA Chaimae','BAC BENSBAA Chaimae.pdf'),(98,'CIN BENSBAA Chaimae','CIN BENSBAA Chaimae.pdf'),(99,'DOSSIER BENSBAA Chaimae','DOSSIER BENSBAA Chaimae.pdf'),(100,'EXTRAIT BENSBAA Chaimae','EXTRAIT BENSBAA Chaimae.pdf'),(101,'RELEVE BENSBAA Chaimae','RELEVE BENSBAA Chaimae.pdf'),(102,'PHOTO BENSBAA Chaimae','PHOTO BENSBAA Chaimae.jpg'),(103,'BAC BERHIL Oumaima','BAC BERHIL Oumaima.pdf'),(104,'CIN BERHIL Oumaima','CIN BERHIL Oumaima.pdf'),(105,'DOSSIER BERHIL Oumaima','DOSSIER BERHIL Oumaima.pdf'),(106,'EXTRAIT BERHIL Oumaima','EXTRAIT BERHIL Oumaima.pdf'),(107,'RELEVE (Copie Conf) BERHIL Oumaima','RELEVE (Copie Conf) BERHIL Oumaima.pdf'),(108,'BAC BETACH Achraf','BAC BETACH Achraf.pdf'),(109,'CIN BETACH Achraf','CIN BETACH Achraf.pdf'),(110,'DOSSSIER BETACH Achraf','DOSSSIER BETACH Achraf.pdf'),(111,'EXTRAIT BETACH Achraf','EXTRAIT BETACH Achraf.pdf'),(112,'RELEVE BETACH Achraf','RELEVE BETACH Achraf.pdf'),(113,'BAC BOUAOUDA Ahlam','BAC BOUAOUDA Ahlam.pdf'),(114,'CIN BOUAOUDA Ahlam','CIN BOUAOUDA Ahlam.pdf'),(115,'DOSSIER BOUAOUDA Ahlam','DOSSIER BOUAOUDA Ahlam.pdf'),(116,'RELEVE BOUAOUDA Ahlam','RELEVE BOUAOUDA Ahlam.pdf'),(117,'BAC BOUBII Mohamed Anas','BAC BOUBII Mohamed Anas.pdf'),(118,'CIN BOUBII Mohamed Anas','CIN BOUBII Mohamed Anas.pdf'),(119,'DOSSIER BOUBII Mohamed Anas','DOSSIER BOUBII Mohamed Anas.pdf'),(120,'EXTRAIT BOUBII Mohamed Anas','EXTRAIT BOUBII Mohamed Anas.pdf'),(121,'RELEVE BOUBII Mohamed Anas','RELEVE BOUBII Mohamed Anas.pdf'),(127,'BAC BOUBRAHMI FILALI Hamza','BAC BOUBRAHMI FILALI Hamza.pdf'),(128,'CIN BOUBRAHMI FILALI Hamza','CIN BOUBRAHMI FILALI Hamza.pdf'),(129,'DOSSEIR BOUBRAHMI FILALI Hamza','DOSSEIR BOUBRAHMI FILALI Hamza.pdf'),(130,'EXTRAIT BOUBRAHMI FILALI Hamza','EXTRAIT BOUBRAHMI FILALI Hamza.pdf'),(131,'RELEVE BOUBRAHMI FILALI Hamza','RELEVE BOUBRAHMI FILALI Hamza.pdf'),(132,'BAC BOUDIK Mohammed Amine','BAC BOUDIK Mohammed Amine.pdf'),(133,'DOSSIER BOUDIK Mohammed Amine','DOSSIER BOUDIK Mohammed Amine.pdf'),(134,'EXTRAIT BOUDIK Mohammed Amine','EXTRAIT BOUDIK Mohammed Amine.pdf'),(135,'RELEVE BOUDIK Mohammed Amine','RELEVE BOUDIK Mohammed Amine.pdf'),(136,'BAC BOUKHAM Jaad','BAC BOUKHAM Jaad.pdf'),(137,'CIN BOUKHAM Jaad','CIN BOUKHAM Jaad.pdf'),(138,'DOSSIER BOUKHAM Jaad','DOSSIER BOUKHAM Jaad.pdf'),(139,'EXTRAIT BOUKHAM Jaad','EXTRAIT BOUKHAM Jaad.pdf'),(140,'RELEVE BOUKHAM Jaad','RELEVE BOUKHAM Jaad.pdf'),(141,'BAC BOUMAAKAL Oussama','BAC BOUMAAKAL Oussama.pdf'),(142,'CIN BOUMAAKAL Oussama','CIN BOUMAAKAL Oussama.pdf'),(143,'DOSSIER BOUMAAKAL Oussama','DOSSIER BOUMAAKAL Oussama.pdf'),(144,'EXTRAIT BOUMAAKAL Oussama','EXTRAIT BOUMAAKAL Oussama.pdf'),(145,'RELEVE BOUMAAKAL Oussama','RELEVE BOUMAAKAL Oussama.pdf'),(146,'BAC BOURRAY Wijdane','BAC BOURRAY Wijdane.pdf'),(147,'CIN BOURRAY Wijdane','CIN BOURRAY Wijdane.pdf'),(148,'DOSSIER BOURRAY Wijdane','DOSSIER BOURRAY Wijdane.pdf'),(149,'EXTRAIT BOURRAY Wijdane','EXTRAIT BOURRAY Wijdane.pdf'),(150,'RELEVE DES NOTES BOURRAY Wijdane','RELEVE DES NOTES BOURRAY Wijdane.pdf'),(151,'BAC DEROUICHE Mohammed','BAC DEROUICHE Mohammed.pdf'),(152,'BULLETIN FIN FORMATION (ISTA) DEROUICHE Moham','BULLETIN FIN FORMATION (ISTA) DEROUICHE Mohammed.pdf'),(153,'BULLETIN PASSAGE  (ISTA) DEROUICHE Mohammed','BULLETIN PASSAGE  (ISTA) DEROUICHE Mohammed.pdf'),(154,'CIN DEROUICHE Mohammed','CIN DEROUICHE Mohammed.pdf'),(155,'DIPLOME ISTA DEROUICHE Mohammed','DIPLOME ISTA DEROUICHE Mohammed.pdf'),(156,'DIPLOME LICENCE DEROUICHE Mohammed','DIPLOME LICENCE DEROUICHE Mohammed.pdf'),(157,'DOSSIER DEROUICHE Mohammed','DOSSIER DEROUICHE Mohammed.pdf'),(158,'LICENCE PRO UNIV DEROUICHE Mohammed','LICENCE PRO UNIV DEROUICHE Mohammed.pdf'),(159,'RELEVE BAC DEROUICHE Mohammed','RELEVE BAC DEROUICHE Mohammed.pdf'),(160,'RELEVE LICENCE PRO DEROUICHE Mohammed','RELEVE LICENCE PRO DEROUICHE Mohammed.pdf'),(161,'BAC BOUZOUBAA Walid','BAC BOUZOUBAA Walid.pdf'),(162,'CIN BOUZOUBAA Walid','CIN BOUZOUBAA Walid.pdf'),(163,'DOSSIER BOUZOUBAA Walid','DOSSIER BOUZOUBAA Walid.pdf'),(164,'EXTRAIT BOUZOUBAA Walid','EXTRAIT BOUZOUBAA Walid.pdf'),(165,'RELEVE DES NOTES BOUZOUBAA Walid','RELEVE DES NOTES BOUZOUBAA Walid.pdf'),(166,'BAC CHAOUNI BENABDELLAH EL MEHDI','BAC CHAOUNI BENABDELLAH EL MEHDI.pdf'),(167,'CIN CHAOUNI BENABDELLAH EL MEHDI','CIN CHAOUNI BENABDELLAH EL MEHDI.pdf'),(168,'DOSSIER CHAOUNI BENABDELLAH EL MEHDI','DOSSIER CHAOUNI BENABDELLAH EL MEHDI.pdf'),(169,'EXTRAIT CHAOUNI BENABDELLAH EL MEHDI','EXTRAIT CHAOUNI BENABDELLAH EL MEHDI.pdf'),(170,'RELEVE DES NOTES CHAOUNI BENABDELLAH EL MEHDI','RELEVE DES NOTES CHAOUNI BENABDELLAH EL MEHDI.pdf'),(171,'BAC COHEN Youssef','BAC COHEN Youssef.pdf'),(172,'CIN COHEN Youssef','CIN COHEN Youssef.pdf'),(173,'DOSSIER COHEN Youssef','DOSSIER COHEN Youssef.pdf'),(174,'EXTRAIT COHEN Youssef','EXTRAIT COHEN Youssef.pdf'),(175,'RELEVE  COHEN Youssef','RELEVE  COHEN Youssef.pdf'),(176,'BAC DAYEDAYE Nasma','BAC DAYEDAYE Nasma.pdf'),(177,'CIN DAYEDAYE Nasma','CIN DAYEDAYE Nasma.pdf'),(178,'DOSSIER DAYEDAYE Nasma','DOSSIER DAYEDAYE Nasma.pdf'),(179,'Extrait DAYEDAYE Nasma','Extrait DAYEDAYE Nasma.pdf'),(180,'RELEVE DES NOTES DAYEDAYE Nasma','RELEVE DES NOTES DAYEDAYE Nasma.pdf'),(181,'BAC DEKKAKI Ghita','BAC DEKKAKI Ghita.pdf'),(182,'CIN DEKKAKI Ghita','CIN DEKKAKI Ghita.pdf'),(183,'DOSSIER DEKKAKI Ghita','DOSSIER DEKKAKI Ghita.pdf'),(184,'EXTRAIT DEKKAKI Ghita','EXTRAIT DEKKAKI Ghita.pdf'),(185,'RELEVE DEKKAKI Ghita','RELEVE DEKKAKI Ghita.pdf'),(186,'BAC ED','BAC ED.DAHMANY Hind.pdf'),(187,'CIN ED','CIN ED.DAHMANY Hind.pdf'),(188,'DOSSIER ED','DOSSIER ED.DAHMANY Hind.pdf'),(189,'EXTRAIT ED','EXTRAIT ED.DAHMANY Hind.pdf'),(190,'RELEVE ED','RELEVE ED.DAHMANY Hind.pdf'),(191,'BAC EJ-JAIDI Aymane','BAC EJ-JAIDI Aymane.pdf'),(192,'CIN EJ-JAIDI Aymane','CIN EJ-JAIDI Aymane.pdf'),(193,'DOSSIER EJ-JAIDI Aymane','DOSSIER EJ-JAIDI Aymane.pdf'),(194,'EXTRAIT EJ-JAIDI Aymane','EXTRAIT EJ-JAIDI Aymane.pdf'),(195,'RELEVE EJ-JAIDI Aymane','RELEVE EJ-JAIDI Aymane.pdf'),(196,'BAC EL ABDI EL ALAOUI Yasser','BAC EL ABDI EL ALAOUI Yasser.pdf'),(197,'CIN EL ABDI EL ALAOUI Yasser','CIN EL ABDI EL ALAOUI Yasser.pdf'),(198,'DOSSIER EL ABDI EL ALAOUI Yasser','DOSSIER EL ABDI EL ALAOUI Yasser.pdf'),(199,'EXTRAIT EL ABDI EL ALAOUI Yasser','EXTRAIT EL ABDI EL ALAOUI Yasser.pdf'),(200,'RELEVE DES NOTES EL ABDI EL ALAOUI Yasser','RELEVE DES NOTES EL ABDI EL ALAOUI Yasser.pdf'),(201,'BAC EL AJLI Zohor','BAC EL AJLI Zohor.pdf'),(202,'CIN EL AJLI Zohor','CIN EL AJLI Zohor.pdf'),(203,'DOSSIER EL AJLI Zohor','DOSSIER EL AJLI Zohor.pdf'),(204,'EXTRAIT EL AJLI Zohor','EXTRAIT EL AJLI Zohor.pdf'),(205,'FICHE RETRAIT BAC EL AJLI Zohor','FICHE RETRAIT BAC EL AJLI Zohor.pdf'),(206,'RELEVE EL AJLI Zohor','RELEVE EL AJLI Zohor.pdf'),(207,'BAC EL AMRANI Abdelghani','BAC EL AMRANI Abdelghani.pdf'),(208,'CIN EL AMRANI Abdelghani','CIN EL AMRANI Abdelghani.pdf'),(209,'DOSSIER EL AMRANI Abdelghani','DOSSIER EL AMRANI Abdelghani.pdf'),(210,'EXTRAIT EL AMRANI Abdelghani','EXTRAIT EL AMRANI Abdelghani.pdf'),(211,'RELEVE DES NOTES EL AMRANI Abdelghani','RELEVE DES NOTES EL AMRANI Abdelghani.pdf'),(212,'BAC EL AOUNI Mouad','BAC EL AOUNI Mouad.pdf'),(213,'CIN EL AOUNI Mouad','CIN EL AOUNI Mouad.pdf'),(214,'DOSSIER EL AOUNI Mouad','DOSSIER EL AOUNI Mouad.pdf'),(215,'EXTRAIT EL AOUNI Mouad','EXTRAIT EL AOUNI Mouad.pdf'),(216,'RELEVE (Copie Conforme) EL AOUNI Mouad','RELEVE (Copie Conforme) EL AOUNI Mouad.pdf'),(217,'BAC EL BOUZIDI Yassine','BAC EL BOUZIDI Yassine.pdf'),(218,'CIN EL BOUZIDI Yassine','CIN EL BOUZIDI Yassine.pdf'),(219,'DOSSIER EL BOUZIDI Yassine','DOSSIER EL BOUZIDI Yassine.pdf'),(220,'EXTRAIT EL BOUZIDI Yassine','EXTRAIT EL BOUZIDI Yassine.pdf'),(221,'RELEVE EL BOUZIDI Yassine','RELEVE EL BOUZIDI Yassine.pdf'),(222,'BAC EL KHADDAR Youness','BAC EL KHADDAR Youness.pdf'),(223,'CIN EL KHADDAR Youness','CIN EL KHADDAR Youness.pdf'),(224,'DOSSIER EL KHADDAR Youness','DOSSIER EL KHADDAR Youness.pdf'),(225,'EXTRAIT EL KHADDAR Youness','EXTRAIT EL KHADDAR Youness.pdf'),(226,'RELEVE EL KHADDAR Youness','RELEVE EL KHADDAR Youness.pdf'),(227,'BAC EL MILOUDI Yassine','BAC EL MILOUDI Yassine.pdf'),(229,'CIN EL MILOUDI Yassine','CIN EL MILOUDI Yassine.pdf'),(230,'DOSSIER EL MILOUDI Yassine','DOSSIER EL MILOUDI Yassine.pdf'),(231,'EXTRAIT EL MILOUDI Yassine','EXTRAIT EL MILOUDI Yassine.pdf'),(232,'RELEVE EL MILOUDI Yassine','RELEVE EL MILOUDI Yassine.pdf'),(233,'BAC EL MOUFID El Mehdi','BAC EL MOUFID El Mehdi.pdf'),(234,'CIN EL MOUFID El Mehdi','CIN EL MOUFID El Mehdi.pdf'),(235,'DOSSIER EL MOUFID El Mehdi','DOSSIER EL MOUFID El Mehdi.pdf'),(236,'EXTRAIT EL MOUFID El Mehdi','EXTRAIT EL MOUFID El Mehdi.pdf'),(237,'RELEVE EL MOUFID El Mehdi','RELEVE EL MOUFID El Mehdi.pdf'),(238,'BAC EL MRABET M\'HAMMED','BAC EL MRABET M\'HAMMED.pdf'),(239,'CIN EL MRABET M\'HAMMED','CIN EL MRABET M\'HAMMED.pdf'),(240,'DOSSIER EL MRABET M\'HAMMED','DOSSIER EL MRABET M\'HAMMED.pdf'),(241,'EXTRAIT EL MRABET M\'HAMMED','EXTRAIT EL MRABET M\'HAMMED.pdf'),(242,'RELEVE EL MRABET M\'HAMMED','RELEVE EL MRABET M\'HAMMED.pdf'),(243,'RETRAIT BAC EL MRABET M\'HAMMED','RETRAIT BAC EL MRABET M\'HAMMED.pdf'),(244,'BAC EL-BAKKOURI Houssam','BAC EL-BAKKOURI Houssam.pdf'),(245,'CIN EL-BAKKOURI Houssam','CIN EL-BAKKOURI Houssam.pdf'),(246,'DOSSIER EL-BAKKOURI Houssam','DOSSIER EL-BAKKOURI Houssam.pdf'),(247,'EXTRAIT EL-BAKKOURI Houssam','EXTRAIT EL-BAKKOURI Houssam.pdf'),(248,'RELEVE EL-BAKKOURI Houssam','RELEVE EL-BAKKOURI Houssam.pdf'),(254,'BAC ELBOUCHIKHI Anas','BAC ELBOUCHIKHI Anas.pdf'),(255,'CIN ELBOUCHIKHI Anas','CIN ELBOUCHIKHI Anas.pdf'),(256,'DOSSIER ELBOUCHIKHI Anas','DOSSIER ELBOUCHIKHI Anas.pdf'),(257,'EXTRAIT ELBOUCHIKHI Anas','EXTRAIT ELBOUCHIKHI Anas.pdf'),(258,'RELEVE ELBOUCHIKHI Anas','RELEVE ELBOUCHIKHI Anas.pdf'),(259,'BAC EL-HAJJI Widad','BAC EL-HAJJI Widad.pdf'),(260,'CIN EL-HAJJI Widad','CIN EL-HAJJI Widad.pdf'),(261,'DOSSIER EL-HAJJI Widad','DOSSIER EL-HAJJI Widad.pdf'),(262,'EXTRAIT EL-HAJJI Widad','EXTRAIT EL-HAJJI Widad.pdf'),(263,'RELEVE (Copie-C) EL-HAJJI Widad','RELEVE (Copie-C) EL-HAJJI Widad.pdf'),(264,'BAC ELFETEHI Nouhayla','BAC ELFETEHI Nouhayla.pdf'),(265,'BULLETIN ELFETEHI Nouhayla','BULLETIN ELFETEHI Nouhayla.pdf'),(266,'CIN ELFETEHI Nouhayla','CIN ELFETEHI Nouhayla.pdf'),(267,'DOSSIER ELFETEHI Nouhayla','DOSSIER ELFETEHI Nouhayla.pdf'),(268,'BAC EN-NASYRY Issam','BAC EN-NASYRY Issam.pdf'),(269,'BULLETIN EN-NASYRY Issam','BULLETIN EN-NASYRY Issam.pdf'),(270,'CIN EN-NASYRY Issam','CIN EN-NASYRY Issam.pdf'),(271,'DOSSIER EN-NASSYRY Issam','DOSSIER EN-NASSYRY Issam.pdf'),(272,'EXTRAIT EN-NASYRY Issam','EXTRAIT EN-NASYRY Issam.pdf'),(273,'BAC ES-SMAHI Hussam','BAC ES-SMAHI Hussam.pdf'),(274,'CIN ES-SMAHI Hussam','CIN ES-SMAHI Hussam.pdf'),(275,'Dossier ES-SMAHI Hussam','Dossier ES-SMAHI Hussam.pdf'),(276,'EXTRAIT ES-SMAHI Hussam','EXTRAIT ES-SMAHI Hussam.pdf'),(277,'RELEVE ES-SMAHI Hussam','RELEVE ES-SMAHI Hussam.pdf'),(278,'BAC FAIZ Ayyoub (Mail)','BAC FAIZ Ayyoub (Mail).PDF'),(279,'CIN FAIZ Ayyoub','CIN FAIZ Ayyoub.pdf'),(280,'BAC FAIZ Ayyoub','BAC FAIZ Ayyoub.pdf'),(281,'DOSSIER FAIZ Ayyoub','DOSSIER FAIZ Ayyoub.pdf'),(282,'EXTRAIT FAIZ Ayyoub','EXTRAIT FAIZ Ayyoub.pdf'),(283,'RELEVE FAIZ Ayyoub (Mail)','RELEVE FAIZ Ayyoub (Mail).PDF'),(284,'RELEVE FAIZ Ayyoub','RELEVE FAIZ Ayyoub.pdf'),(285,'BAC FARES Mohammed','BAC FARES Mohammed.pdf'),(286,'CIN FARES Mohammed','CIN FARES Mohammed.pdf'),(287,'DOSSIER FARES Mohammed','DOSSIER FARES Mohammed.pdf'),(288,'EXTRAIT FARES Mohammed','EXTRAIT FARES Mohammed.pdf'),(289,'RELEVE FARES Mohammed','RELEVE FARES Mohammed.pdf'),(290,'BAC FENNASSI OUAALANI Anass','BAC FENNASSI OUAALANI Anass.pdf'),(291,'DOSSIER FENNASSI OUAALANI Anass','DOSSIER FENNASSI OUAALANI Anass.pdf'),(292,'EXTRAIT FENNASSI OUAALANI Anass','EXTRAIT FENNASSI OUAALANI Anass.pdf'),(293,'RELEVE FENNASSI OUAALANI Anass','RELEVE FENNASSI OUAALANI Anass.pdf'),(294,'BAC FQIH BERRADA Amina','BAC FQIH BERRADA Amina.pdf'),(295,'CIN FQIH BERRADA Amina','CIN FQIH BERRADA Amina.pdf'),(296,'DOSSIER FQIH BERRADA Amina','DOSSIER FQIH BERRADA Amina.pdf'),(297,'EXTRAIT FQIH BERRADA Amina','EXTRAIT FQIH BERRADA Amina.pdf'),(298,'RELEVE FQIH BERRADA Amina','RELEVE FQIH BERRADA Amina.pdf'),(299,'BAC GHANDI Mohammed','BAC GHANDI Mohammed.pdf'),(300,'CIN GHANDI Mohammed','CIN GHANDI Mohammed.pdf'),(301,'DOSSIER GHANDI Mohammed','DOSSIER GHANDI Mohammed.pdf'),(302,'EXTRAIT GHANDI Mohammed','EXTRAIT GHANDI Mohammed.pdf'),(303,'RELEVE (Copie) GHANDI Mohammed','RELEVE (Copie) GHANDI Mohammed.pdf'),(304,'BAC GUERGAR Oumayma','BAC GUERGAR Oumayma.pdf'),(305,'CIN GUERGAR Oumayma','CIN GUERGAR Oumayma.pdf'),(306,'DOSSIER GUERGAR Oumayma','DOSSIER GUERGAR Oumayma.pdf'),(307,'EXTRAIT GUERGAR Oumayma','EXTRAIT GUERGAR Oumayma.pdf'),(308,'RELEVE GUERGAR Oumayma','RELEVE GUERGAR Oumayma.pdf'),(309,'BAC GUERINECHE Hamza','BAC GUERINECHE Hamza.pdf'),(310,'CIN GUERINECHE Hamza','CIN GUERINECHE Hamza.pdf'),(311,'DOSSIER GUERINECHE Hamza','DOSSIER GUERINECHE Hamza.pdf'),(312,'EXTRAIT GUERINECHE Hamza','EXTRAIT GUERINECHE Hamza.pdf'),(313,'RELEVE GUERINECHE Hamza','RELEVE GUERINECHE Hamza.pdf'),(314,'BAC HAJJAJ Ibrahim','BAC HAJJAJ Ibrahim.pdf'),(315,'DOSSIER HAJJAJ Ibrahim','DOSSIER HAJJAJ Ibrahim.pdf'),(316,'EXTRAIT HAJJAJ Ibrahim','EXTRAIT HAJJAJ Ibrahim.pdf'),(317,'RELEVE HAJJAJ Ibrahim','RELEVE HAJJAJ Ibrahim.pdf'),(318,'BAC HAOUMI Mohammed Amine','BAC HAOUMI Mohammed Amine.pdf'),(319,'CIN HAOUMI Mohammed Amine','CIN HAOUMI Mohammed Amine.pdf'),(320,'DOSSIER HAOUMI Mohammed Amine','DOSSIER HAOUMI Mohammed Amine.pdf'),(321,'EXTRAIT HAOUMI Mohammed Amine','EXTRAIT HAOUMI Mohammed Amine.pdf'),(322,'RELEVE HAOUMI Mohammed Amine','RELEVE HAOUMI Mohammed Amine.pdf'),(323,'BAC HARCHANE Khaoula','BAC HARCHANE Khaoula.pdf'),(324,'CIN HARCHANE Khaoula','CIN HARCHANE Khaoula.pdf'),(325,'DOSSIER HARCHANE Khaoula','DOSSIER HARCHANE Khaoula.pdf'),(326,'EXTRAIT HARCHANE Khaoula','EXTRAIT HARCHANE Khaoula.pdf'),(327,'RELEVE HARCHANE Khaoula','RELEVE HARCHANE Khaoula.pdf'),(328,'BAC HAYANI SOUJAA Amine','BAC HAYANI SOUJAA Amine.pdf'),(329,'CIN HAYANI SOUJAA Amine','CIN HAYANI SOUJAA Amine.pdf'),(330,'DOSSIER HAYANI SOUJAA Amine','DOSSIER HAYANI SOUJAA Amine.pdf'),(331,'EXTRAIT HAYANI SOUJAA Amine','EXTRAIT HAYANI SOUJAA Amine.pdf'),(332,'RELEVE HAYANI SOUJAA Amine','RELEVE HAYANI SOUJAA Amine.pdf'),(333,'BAC ISMAILI Nada','BAC ISMAILI Nada.pdf'),(334,'CIN ISMAILI Nada','CIN ISMAILI Nada.pdf'),(335,'DOSSIER ISMAILI Nada','DOSSIER ISMAILI Nada.pdf'),(336,'RELEVE ISMAILI Nada','RELEVE ISMAILI Nada.pdf'),(337,'BAC JAOUAN Oussama','BAC JAOUAN Oussama.pdf'),(338,'CIN JAOUAN Oussama','CIN JAOUAN Oussama.pdf'),(339,'DOSSIER JAOUAN Oussama','DOSSIER JAOUAN Oussama.pdf'),(340,'EXTRAIT JAOUAN Oussama','EXTRAIT JAOUAN Oussama.pdf'),(341,'RELEVE JAOUAN Oussama','RELEVE JAOUAN Oussama.pdf'),(342,'BAC JDIRI IDRISSI Ismail','BAC JDIRI IDRISSI Ismail.pdf'),(343,'CIN JDIRI IDRISSI Ismail','CIN JDIRI IDRISSI Ismail.pdf'),(344,'DOSSIER JDIRI IDRISSI Ismail','DOSSIER JDIRI IDRISSI Ismail.pdf'),(345,'EXTRAIT JDIRI IDRISSI Ismail','EXTRAIT JDIRI IDRISSI Ismail.pdf'),(346,'RELEVE JDIRI IDRISSI Ismail','RELEVE JDIRI IDRISSI Ismail.pdf'),(347,'BAC KHATIB Mohammed','BAC KHATIB Mohammed.pdf'),(348,'CIN KHATIB Mohammed','CIN KHATIB Mohammed.pdf'),(349,'DOSSIER KHATIB Mohammed','DOSSIER KHATIB Mohammed.pdf'),(350,'RELEVE KHATIB Mohammed','RELEVE KHATIB Mohammed.pdf'),(351,'BAC KOUIDI Ismail','BAC KOUIDI Ismail.pdf'),(352,'BULLETIN KOUIDI Ismail','BULLETIN KOUIDI Ismail.pdf'),(353,'CIN KOUIDI Ismail','CIN KOUIDI Ismail.pdf'),(354,'DOSSIER KOUIDI Ismail','DOSSIER KOUIDI Ismail.pdf'),(355,'EXTRAIT KOUIDI Ismail','EXTRAIT KOUIDI Ismail.pdf'),(356,'BAC LAAMARTI Mohammed','BAC LAAMARTI Mohammed.pdf'),(357,'CIN LAAMARTI Mohammed','CIN LAAMARTI Mohammed.pdf'),(358,'DOSSIER LAAMARTI Mohammed','DOSSIER LAAMARTI Mohammed.pdf'),(359,'EXTRAIT LAAMARTI Mohammed','EXTRAIT LAAMARTI Mohammed.pdf'),(360,'RELEVE LAAMARTI Mohammed','RELEVE LAAMARTI Mohammed.pdf'),(361,'BAC LABRIGUI Nisrine','BAC LABRIGUI Nisrine.pdf'),(362,'CIN LABRIGUI Nisrine','CIN LABRIGUI Nisrine.pdf'),(363,'DOSSIER LABRIGUI Nisrine','DOSSIER LABRIGUI Nisrine.pdf'),(364,'EXTRAIT LABRIGUI Nisrine','EXTRAIT LABRIGUI Nisrine.pdf'),(365,'RELEVE LABRIGUI Nisrine','RELEVE LABRIGUI Nisrine.pdf'),(366,'BAC LAILANI Ismail','BAC LAILANI Ismail.pdf'),(367,'CIN LAILANI Ismail','CIN LAILANI Ismail.pdf'),(368,'DOSSIER LAILANI Ismail','DOSSIER LAILANI Ismail.pdf'),(369,'EXTRAIT LAILANI Ismail','EXTRAIT LAILANI Ismail.pdf'),(370,'RELEVE LAILANI Ismail','RELEVE LAILANI Ismail.pdf'),(371,'BAC LAMSSIAH Mohamed','BAC LAMSSIAH Mohamed.pdf'),(372,'CIN LAMSSIAH Mohamed','CIN LAMSSIAH Mohamed.pdf'),(373,'DOSSIER LAMSSIAH Mohamed','DOSSIER LAMSSIAH Mohamed.pdf'),(374,'EXTRAIT LAMSSIAH Mohamed','EXTRAIT LAMSSIAH Mohamed.pdf'),(375,'RELEVE LAMSSIAH Mohamed','RELEVE LAMSSIAH Mohamed.pdf'),(376,'BAC MACHAAOURI Rania','BAC MACHAAOURI Rania.pdf'),(377,'CIN MACHAAOURI Rania','CIN MACHAAOURI Rania.pdf'),(378,'DOSSIER MACHAAOURI Rania','DOSSIER MACHAAOURI Rania.pdf'),(379,'EXTRAIT MACHAAOURI Rania','EXTRAIT MACHAAOURI Rania.pdf'),(380,'RELEVE MACHAAOURI Rania','RELEVE MACHAAOURI Rania.pdf'),(383,'BAC MOURADI Khaoula','BAC MOURADI Khaoula.pdf'),(384,'CIN (Face) MOURADI Khaoula','CIN (Face) MOURADI Khaoula.pdf'),(385,'DOSSIER MOURADI Khaoula','DOSSIER MOURADI Khaoula.pdf'),(386,'RELEVE MOURADI Khaoula','RELEVE MOURADI Khaoula.pdf'),(387,'BAC MOUTAHID Wiam','BAC MOUTAHID Wiam.pdf'),(388,'CIN MOUTAHID Wiam','CIN MOUTAHID Wiam.pdf'),(389,'DOSSIER MOUTAHID Wiam','DOSSIER MOUTAHID Wiam.pdf'),(390,'EXTRAIT MOUTAHID Wiam','EXTRAIT MOUTAHID Wiam.pdf'),(391,'RELEVE MOUTAHID Wiam','RELEVE MOUTAHID Wiam.pdf'),(392,'BAC NABIL Aymane','BAC NABIL Aymane.pdf'),(393,'CIN NABIL Aymane','CIN NABIL Aymane.pdf'),(394,'DOSSIER NABIL Aymane','DOSSIER NABIL Aymane.pdf'),(395,'EXTRAIT NABIL Aymane','EXTRAIT NABIL Aymane.pdf'),(396,'RELEVE NABIL Aymane','RELEVE NABIL Aymane.pdf'),(397,'BAC OUAZZANI TOUHAMI Ahmed','BAC OUAZZANI TOUHAMI Ahmed.pdf'),(398,'CIN OUAZZANI TOUHAMI Ahmed','CIN OUAZZANI TOUHAMI Ahmed.pdf'),(399,'DOSSIER OUAZZANI TOUHAMI Ahmed','DOSSIER OUAZZANI TOUHAMI Ahmed.pdf'),(400,'EXTRAIT OUAZZANI TOUHAMI Ahmed','EXTRAIT OUAZZANI TOUHAMI Ahmed.pdf'),(401,'RELEVE OUAZZANI TOUHAMI Ahmed','RELEVE OUAZZANI TOUHAMI Ahmed.pdf'),(402,'BAC OUAZZANI TOUHAMI Hamza','BAC OUAZZANI TOUHAMI Hamza.pdf'),(403,'CIN OUAZZANI TOUHAMI Hamza','CIN OUAZZANI TOUHAMI Hamza.pdf'),(404,'DOSSIER OUAZZANI TOUHAMI Hamza','DOSSIER OUAZZANI TOUHAMI Hamza.pdf'),(405,'EXTRAIT OUAZZANI TOUHAMI Hamza','EXTRAIT OUAZZANI TOUHAMI Hamza.pdf'),(406,'RELEVE OUAZZANI TOUHAMI Hamza','RELEVE OUAZZANI TOUHAMI Hamza.pdf'),(407,'BAC OUENJLI Hafsa','BAC OUENJLI Hafsa.pdf'),(408,'CIN OUENJLI Hafsa','CIN OUENJLI Hafsa.pdf'),(409,'DOSSIER OUENJLI Hafsa','DOSSIER OUENJLI Hafsa.pdf'),(410,'EXTRAIT OUENJLI Hafsa','EXTRAIT OUENJLI Hafsa.pdf'),(411,'RELEVE OUENJLI Hafsa','RELEVE OUENJLI Hafsa.pdf'),(412,'BAC OULKANZE Marwa','BAC OULKANZE Marwa.pdf'),(413,'CIN OULKANZE Marwa','CIN OULKANZE Marwa.pdf'),(414,'DOSSIER OULKANZE Marwa','DOSSIER OULKANZE Marwa.pdf'),(415,'EXTRAIT OULKANZE Marwa','EXTRAIT OULKANZE Marwa.pdf'),(416,'RELEVE OULKANZE Marwa','RELEVE OULKANZE Marwa.pdf'),(417,'BAC RAHI Reda','BAC RAHI Reda.pdf'),(418,'CIN RAHI Reda','CIN RAHI Reda.pdf'),(419,'Dossier RAHI Reda','Dossier RAHI Reda.pdf'),(420,'EXTRAIT RAHI Reda','EXTRAIT RAHI Reda.pdf'),(421,'RELEVE RAHI Reda','RELEVE RAHI Reda.pdf'),(422,'BAC RAYA Oumaima','BAC RAYA Oumaima.pdf'),(423,'CIN RAYA Oumaima','CIN RAYA Oumaima.pdf'),(424,'DOSSIER RAYA Oumaima','DOSSIER RAYA Oumaima.pdf'),(425,'EXTRAIT RAYA Oumaima','EXTRAIT RAYA Oumaima.pdf'),(426,'RELEVE RAYA Oumaima','RELEVE RAYA Oumaima.pdf'),(427,'BAC REZZAKI Youssra','BAC REZZAKI Youssra.pdf'),(428,'CIN REZZAKI Youssra','CIN REZZAKI Youssra.pdf'),(429,'DOSSIER REZZAKI Youssra','DOSSIER REZZAKI Youssra.pdf'),(430,'EXTRAIT REZZAKI Youssra','EXTRAIT REZZAKI Youssra.pdf'),(431,'RELEVE REZZAKI Youssra','RELEVE REZZAKI Youssra.pdf'),(432,'BAC SAIKOUK Hind','BAC SAIKOUK Hind.pdf'),(433,'CIN SAIKOUK Hind','CIN SAIKOUK Hind.pdf'),(434,'DOSSIER SAIKOUK Hind','DOSSIER SAIKOUK Hind.pdf'),(435,'EXTRAIT SAIKOUK Hind','EXTRAIT SAIKOUK Hind.pdf'),(436,'RELEVE SAIKOUK Hind','RELEVE SAIKOUK Hind.pdf'),(437,'BAC SRIJA Zakariae','BAC SRIJA Zakariae.pdf'),(438,'CIN SRIJA Zakariae','CIN SRIJA Zakariae.pdf'),(439,'DOSSIER SRIJA Zakariae','DOSSIER SRIJA Zakariae.pdf'),(440,'EXTRAIT SRIJA Zakariae','EXTRAIT SRIJA Zakariae.pdf'),(441,'RELEVE SRIJA Zakariae','RELEVE SRIJA Zakariae.pdf'),(442,'BAC TADLAOUI HABIBI Imane','BAC TADLAOUI HABIBI Imane.pdf'),(443,'CIN TADLAOUI HABIBI Imane','CIN TADLAOUI HABIBI Imane.pdf'),(444,'DOSSIER TADLAOUI HABIBI Imane','DOSSIER TADLAOUI HABIBI Imane.pdf'),(445,'EXTRAIT TADLAOUI HABIBI Imane','EXTRAIT TADLAOUI HABIBI Imane.pdf'),(446,'RELEVE TADLAOUI HABIBI Imane','RELEVE TADLAOUI HABIBI Imane.pdf'),(447,'BAC TAZI CHERTI Ayoub','BAC TAZI CHERTI Ayoub.pdf'),(448,'CIN TAZI-CHERTI Ayoub','CIN TAZI-CHERTI Ayoub.pdf'),(449,'DOSSIER TAZI CHERTI Ayoub','DOSSIER TAZI CHERTI Ayoub.pdf'),(450,'EXTRAIT TAZI-CHERTI Ayoub','EXTRAIT TAZI-CHERTI Ayoub.pdf'),(451,'RELEVE TAZI CHERTI Ayoub','RELEVE TAZI CHERTI Ayoub.pdf'),(452,'BAC THAIFA Mohammed','BAC THAIFA Mohammed.pdf'),(453,'CIN THAIFA Mohammed','CIN THAIFA Mohammed.pdf'),(454,'DOSSIER THAIFA Mohammed','DOSSIER THAIFA Mohammed.pdf'),(455,'EXTRAIT THAIFA Mohammed','EXTRAIT THAIFA Mohammed.pdf'),(456,'RELEVE THAIFA Mohammed','RELEVE THAIFA Mohammed.pdf'),(457,'BAC TISSIR Abdelmoktadir','BAC TISSIR Abdelmoktadir.pdf'),(458,'CIN TISSIR Abdelmoktadir','CIN TISSIR Abdelmoktadir.pdf'),(459,'DOSSIER TISSIR Abdelmoktadir','DOSSIER TISSIR Abdelmoktadir.pdf'),(460,'EXTRAIT TISSIR Abdelmoktadir','EXTRAIT TISSIR Abdelmoktadir.pdf'),(461,'RELEVE Abdelmoktadir','RELEVE Abdelmoktadir.pdf'),(462,'BAC ZAKRITE Issam','BAC ZAKRITE Issam.pdf'),(463,'CIN ZAKRITE Issam','CIN ZAKRITE Issam.pdf'),(464,'DOSSIER ZAKRITE Issam','DOSSIER ZAKRITE Issam.pdf'),(465,'EXTRAIT ZAKRITE Issam','EXTRAIT ZAKRITE Issam.pdf'),(466,'RELEVE ZAKRITE Issam','RELEVE ZAKRITE Issam.pdf'),(467,'BAC ZEJLY Zakaria (FES)','BAC ZEJLY Zakaria (FES).pdf'),(468,'CIN ZEJLY Zakaria (FES)','CIN ZEJLY Zakaria (FES).pdf'),(469,'DOSSIER ZEJLY Zakaria (FES)','DOSSIER ZEJLY Zakaria (FES).pdf'),(470,'EXTRAIT ZEJLY Zakaria (FES)','EXTRAIT ZEJLY Zakaria (FES).pdf'),(471,'RELEVE ZEJLY Zakaria (FES)','RELEVE ZEJLY Zakaria (FES).pdf'),(472,'BAC ZEJLY Zakaria (SEFROU)','BAC ZEJLY Zakaria (SEFROU).pdf'),(473,'CIN ZEJLY Zakaria (SEFROU)','CIN ZEJLY Zakaria (SEFROU).pdf'),(474,'DOSSIER ZEJLY Zakaria (SEFROU)','DOSSIER ZEJLY Zakaria (SEFROU).pdf'),(475,'EXTRAIT ZEJLY Zakaria (SEFROU)','EXTRAIT ZEJLY Zakaria (SEFROU).pdf'),(476,'RELEVE ZEJLY Zakaria (SEFROU)','RELEVE ZEJLY Zakaria (SEFROU).pdf'),(477,'BAC ZOUHIR Mohammed Laarbi','BAC ZOUHIR Mohammed Laarbi.pdf'),(478,'CIN ZOUHIR Mohammed Laarbi','CIN ZOUHIR Mohammed Laarbi.pdf'),(479,'DOSSIER ZOUHIR Mohammed Laarbi','DOSSIER ZOUHIR Mohammed Laarbi.pdf'),(480,'EXTRAIT ZOUHIR Mohammed Laarbi','EXTRAIT ZOUHIR Mohammed Laarbi.pdf'),(481,'RELEVE ZOUHIR Mohammed Laarbi','RELEVE ZOUHIR Mohammed Laarbi.pdf');
/*!40000 ALTER TABLE `document` ENABLE KEYS */;
UNLOCK TABLES;

--
-- Table structure for table `etudiant`
--

DROP TABLE IF EXISTS `etudiant`;
/*!40101 SET @saved_cs_client     = @@character_set_client */;
/*!40101 SET character_set_client = utf8 */;
CREATE TABLE `etudiant` (
  `idEtudiant` varchar(100) NOT NULL,
  `cin` varchar(45) DEFAULT NULL,
  `prenom` varchar(45) DEFAULT NULL,
  `nom` varchar(45) DEFAULT NULL,
  `sexe` varchar(45) DEFAULT NULL,
  `dateNaissance` varchar(45) DEFAULT NULL,
  `idNationalite` int(11) DEFAULT NULL,
  `lieuNaissance` varchar(45) DEFAULT NULL,
  `email` varchar(45) DEFAULT NULL,
  `telephone` varchar(45) DEFAULT NULL,
  `imagePath` varchar(350) NOT NULL,
  `cne` varchar(45) DEFAULT NULL,
  `dateInscription` varchar(45) DEFAULT NULL,
  `provenance` varchar(45) DEFAULT NULL,
  `idFiliere` int(11) DEFAULT NULL,
  `idNiveau` int(11) DEFAULT NULL,
  `idScolarite` int(11) DEFAULT NULL,
  `idParentInfo` int(11) DEFAULT NULL,
  `idGroupe` int(11) DEFAULT NULL,
  PRIMARY KEY (`idEtudiant`),
  KEY `fk_nationalite` (`idNationalite`),
  KEY `fk_filiere` (`idFiliere`),
  KEY `fk_niveau` (`idNiveau`),
  KEY `fk_scolarite` (`idScolarite`),
  KEY `fk_parentinfo` (`idParentInfo`),
  KEY `fk_grp` (`idGroupe`),
  CONSTRAINT `idFiliere` FOREIGN KEY (`idFiliere`) REFERENCES `filiere` (`id`) ON DELETE NO ACTION ON UPDATE NO ACTION,
  CONSTRAINT `idGroupe` FOREIGN KEY (`idGroupe`) REFERENCES `groupe` (`idGroupe`) ON DELETE NO ACTION ON UPDATE NO ACTION,
  CONSTRAINT `idNationalite` FOREIGN KEY (`idNationalite`) REFERENCES `nationalite` (`id`) ON DELETE NO ACTION ON UPDATE NO ACTION,
  CONSTRAINT `idNiveau` FOREIGN KEY (`idNiveau`) REFERENCES `niveau` (`idNiveau`) ON DELETE NO ACTION ON UPDATE NO ACTION,
  CONSTRAINT `idParentInfo` FOREIGN KEY (`idParentInfo`) REFERENCES `parentinfo` (`id`) ON DELETE CASCADE ON UPDATE CASCADE,
  CONSTRAINT `idScolarite` FOREIGN KEY (`idScolarite`) REFERENCES `scolarite` (`id`) ON DELETE CASCADE ON UPDATE CASCADE
) ENGINE=InnoDB DEFAULT CHARSET=latin1;
/*!40101 SET character_set_client = @saved_cs_client */;

--
-- Dumping data for table `etudiant`
--

LOCK TABLES `etudiant` WRITE;
/*!40000 ALTER TABLE `etudiant` DISABLE KEYS */;
INSERT INTO `etudiant` VALUES ('00001212171586','CD473045','Nouhaila','RAIS','F','2000-01-14',53,'Fes','','624489759','RAIS_Nouhaila.jpg','','2017-09-07','BAC',1,78,159,159,19),('00001212171608','F651278','Meryam','BOUHLALI','F','2000-01-19',53,'Oujda','','605672970','BOUHLALI_Meryam.jpg','','2017-09-26','BAC',1,78,116,116,19),('00002212181639','CD472013','Hind','ED.DAHMANY','F','2000-01-29',53,'Fes','hindeddahmany64@gmail.com','615246748','PHOTO ED.DAHMANY Hind.jpg','','2018-07-19','BAC',1,77,33,33,21),('00003212171589','CD695847','Zineb','MOUKIR','F','2000-03-08',53,'Fes','','616675215','MOUKIR Zineb.jpg','','2017-09-11','BAC',1,78,154,154,20),('00003212181627','D897892','Chaimae','BENSBAA','F','2000-03-15',53,'Meknes','bensbaachaimae6@gmail.com','674380710','PHOTO BENSBAA Chaimae.jpg','','2018-07-27','BAC',1,77,18,18,21),('00003212181707','CD676958','Imane','TADLAOUI HABIBI','F','2000-03-21',53,'Fes','Imanetad82@gmail.com','661255036','PHOTO TADLAOUI HABIBI Imane.jpg','','2018-09-28','BAC',1,77,85,85,19),('00004212171607','CD288146','Salma','SADIQI ','F','2000-04-21',53,'Fes','','624119115','SADIQI_Salma.jpg','','2017-08-24','BAC',1,78,160,160,20),('00005212181618','CB321332','Imane','AMAHRACH','F','2000-05-03',53,'Imouzar Kandar','imane.amah2018@gmail.com','622036745','PHOTO AMAHRACH Imane.jpg','','2018-08-26','BAC',1,77,4,4,20),('00005212181691','CD643956','Amina','FQIH BERRADA ','F','2000-05-04',53,'Fes','','661796497','PHOTO FQIH BERRADA Amina.jpg','','2018-09-15','BAC',1,77,53,53,20),('00006212171548','CD472684','Chaymae','EL MAATAOUI ','F','2000-06-13',53,'Fes','','691189185','EL MAATAOUI_Chaymae.jpg','','2017-08-15','BAC',1,78,128,128,20),('00006212171568','L619169','Mouna','SERRAR','F','2000-06-21',53,'Tetouan','','674427418','SERRAR_Mouna.jpg','','2017-09-06','BAC',1,78,161,161,19),('00006212181617','CD695498','Ibtissam','ALAOUI ISMAILI','F','2000-06-08',53,'Fes','Ibtissama453@gmail.com','660767670','PHOTO ALAOUI ISMAILI Ibtissam.jpg','','2018-08-06','BAC',1,77,3,3,20),('00006212181677','CD689732','Youssra','REZZAKI ','F','2000-06-07',53,'Fes','Rezzakiyoussra@gmail.com','652562270','PHOTO REZZAKI Youssra.jpg','','2018-07-23','BAC',1,77,82,82,20),('00006212181708','CD473889','Hind','SAIKOUK','F','2000-06-25',53,'Fes','hindsaikouk@gmail.com','668754854','PHOTO SAIKOUK Hind.jpg','','2018-10-03','BAC',1,77,83,83,20),('00007212181622','CD643518','Rim','BEL-AYACHI','F','2000-07-25',53,'Fes','belayachirima@gmail.com','0693144872','PHOTO BEL-AYACHI Rim.jpg','','2018-07-02','BAC',1,77,11,11,20),('00008212181628','ZG153658','Oumaima','BERHIL','F','2000-08-20',53,'Fes','oumaima2Berhil@gmail.com','604988758','PHOTO BERHIL Oumaima.jpg','','2018-09-10','BAC',1,77,19,19,20),('00010212181644','CN33947','Widad','EL-HAJJI','F','2000-10-07',53,'Missour Boulemane','','666021348','PHOTO EL-HAJJI Widad.jpg','','2018-06-28','BAC',1,77,47,47,21),('00010212181660','CD286908','Fatima-Zohra','HMIMIN','F','2000-10-12',53,'Fes','hmimin.fati@gmail.com','651413879','PHOTO HMIMIN Fatima-Zohra.jpg','N148006958','2018-09-07','BAC',1,77,61,61,20),('00010212181667','CD643353','Nisrine','LABRIGUI','F','2000-10-26',53,'Moulay Yaacoub','nissrinabb10@gmail.com','636327507','PHOTO LABRIGUI Nisrine.jpg','','2018-07-25','BAC',1,77,68,68,21),('00010212181675','CB329381','Marwa','OULKANZE','F','2000-10-07',53,'Fes','','651578195','PHOTO OULKANZE Marwa.jpg','','2018-08-24','BAC',1,77,79,79,19),('00010212181709','CD665319','Ahlam','BOUAOUDA','F','2000-10-25',53,'Lakhsas Sidi Ifni','ahlam.hamada2016@gmail.com','664611045','PHOTO BOUAOUDA Ahlam.jpg','','2018-10-05','BAC',1,77,21,21,20),('00011212181661','CD697732','Nada','ISMAILI ','F','2000-11-02',53,'Fes','','671332711','PHOTO ISMAILI Nada.jpg','','2018-07-25','BAC',1,77,62,62,20),('00011212181671','CD473001','Rania','MACHAAOURI','F','2000-11-15',53,'Fes','Rmchaouri@gmail.com','668634931','PHOTO MACHAAOURI Rania.jpg','','2018-07-13','BAC',1,77,72,72,21),('00101212181634','D861492','Wijdane','BOURRAY','F','2001-01-25',53,'Meknes','','653618016','PHOTO BOURRAY Wijdane.jpg','','2018-06-28','BAC',1,77,27,27,21),('00101212181672','CD702658','Wiam','MOUTAHID','F','2001-01-31',53,'Kasbat Tadla Beni Mellal','','618320906','PHOTO MOUTAHID Wiam.jpg','','2018-09-03','BAC',1,77,74,74,21),('00102212181649','CD288906','Nouhayla','ELFETEHI','F','2001-02-24',53,'Fes','elfetechinouhayla@gmail.com','0662761472','PHOTO ELFETEHI Nouhayla.jpg','','2018-07-22','BAC',1,77,46,46,20),('00104212181658','DN28375','Khaoula','HARCHANE','F','2001-04-13',53,'El Hajeb','khaoulaharchane05@gmail.com','0697883072','PHOTO HARCHANE Khaoula.jpg','','2018-08-29','BAC',1,77,59,59,20),('00105212181655','CD388107','Oumayma','GUERGAR','F','2001-05-21',53,'Fes','oumaimaguergar@gmail.com','','PHOTO GUERGAR Oumayma.jpg','','2018-09-04','BAC',1,77,55,55,20),('00106212181637','Z619706','Nasma','DAYEDAYE','F','2001-06-24',53,'Taza','dayedayenasma@gmail.com','664790409','PHOTO DAYEDAYE Nasma.jpg','','2018-09-03','BAC',1,77,31,31,21),('09210212151384','CD376989','Hiba','FILALIDOUIRI','F','1992-10-07',53,'Fes','hibafilalidouiri@gmail.com','0663183492','FILALI DOUIRI Hiba.jpg','','2015-07-31','BAC',4,80,261,261,19),('09306212151380','DO22218','Asmae','EL ABAOUI','F','1993-06-06',53,'Meknes','','0610498393','EL ABAOUI Asmae.jpg','','2015-08-08','BAC',4,80,252,252,19),('09506212151407','CD318414','Maha','RKHISSI','F','1995-06-19',53,'Fes','','0682045273E','RKHISSI Maha.jpg','','2015-07-03','BAC',4,80,279,279,20),('09508212181674','CD280893','Hafsa','OUENJLI','F','1995-08-15',53,'Taounate','Hafsa-ouenjli@gmail.com','616605575','PHOTO OUENJLI Hafsa.jpg','','2018-08-31','BAC',1,77,78,78,21),('09512212141324','CD513245','Yasmine','GUESSOUS','F','1995-12-09',53,'F','','','GUESSOUS Yasmine.jpg','','2014-09-04','BAC',4,81,289,289,19),('09602212151435','CD265656','Chaymae','QASMI','F','1996-02-25',53,'Aknoul Taza','','0657755902','QASMI Chaimae.jpg','','2015-09-13','BAC',4,80,278,278,19),('09604212141314','CD556694','Meryem','EL MARAI','F','1996-04-12',53,'F','','','EL MARAI Meryem.jpg','','2014-08-07','BAC',4,81,288,288,19),('09607212151426','CD282261','Oumaima','FARHI','F','1996-07-18',53,'Tahla taza','','618369903','FARHI Oumaima.jpg','','2015-09-14','BAC',4,80,260,260,20),('09607212161519','CB296907','Salma','AMMARI','F','1996-07-02',53,'Douar Ait Ali Ouboubker Ain Cheggag Sefrou','','639351824','AMMARI Salma.jpg','','2016-09-23','BAC',1,79,170,170,20),('09608212141365','CD512940','Fatima-Ezzahrae','LKIFAR','F','1996-08-02',53,'F','','','LKIFAR Fatima Zahra.jpg','','2014-09-30','BAC',4,81,292,292,19),('09701212151398','CD470938','Malake','CHAHBOUNE ','F','1997-01-19',53,'Fs','malakech98@gmail.com','0611386113','CHAHBOUNE Malak.jpg','','2015-07-07','BAC',4,80,248,248,19),('09701212151428','Z541342','Chaimae','BOUDRISSI','F','1997-01-21',53,'Taza','','0700106909','BOUDRISSI Chaimae.jpg','','2015-09-14','BAC',4,80,244,244,20),('09701212151447','CD253553','Neftaha','ABBAD ANDALOUSSI','F','1997-01-02',53,'Fes','','0656238227','ABBAD Meftaha.jpg','','2015-10-01','BAC',4,80,234,234,19),('09702212151402','CD470691','Jihane','BEZZARI MALHI','F','1997-02-19',53,'Fes','','','BEZZARI Jihane.jpg','','2015-10-07','BAC',1,78,115,115,20),('09703212151420','CD290295','Nisrin','MOUGGAL','F','1997-03-22',53,'Fes','','0652895607','MOGGAL Nisrine.jpg','','2015-09-10','BAC',4,80,272,272,20),('09704212151417','CD587285','Sara','ZAADOUD','F','1997-04-19',53,'Fes','','0663659079','ZAADOUD Sara.jpg','','2015-09-09','BAC',4,80,287,287,20),('09704212181662','CD258947','Ghita','MAKHLAS','F','1997-04-01',53,'Fes','','631509597','PHOTO MAKHLAS Ghita.jpg','','2018-09-18','ISTA',1,79,213,213,19),('09705212151382','Z495228','Salma','SAKOUT ','F','1997-05-02',53,'Taza','','613080612','SAKOUT Salma.jpg','','2015-08-01','BAC',4,80,280,280,19),('09706212151405','CD558626','Yasmine','MEKOUAR','F','1997-06-25',53,'Fes','','693830130','MEKOUAR Yasmine.jpg','','2015-07-06','BAC',4,80,267,267,19),('09706212161501','CD263818','Lamiae','HOUSSA','F','1997-06-04',53,'Fes','','0617945459 M','HOUSSA Lamiae.jpg','','2016-09-02','BAC',1,79,202,202,20),('09707212151387','CD272603','Oumaima','MORAD','F','1997-07-14',53,'Fes','','0601113733','MORAD Oumaima.jpg','','2015-08-31','BAC',4,80,271,271,19),('09707212151409','CD690349','Boutaina','BENRAHHAL','F','1997-07-21',53,'Meknes','','0649612559','BENRAHHAL Boutaina.jpg','','2015-09-03','BAC',4,80,242,242,20),('09708212151401','U184625','Wissale','HAMIDI ALAOUI','F','1997-08-03',53,'Errachidia','','0646536984','HAMIDI ALAOUI Wissale.jpg','','2015-07-13','BAC',4,80,262,262,19),('09708212151438','CD472451','Khadija','EN-NAY','F','1997-08-17',53,'Fes','','661526860','EN-NAY Khadija.jpg','','2015-09-28','BAC',4,80,258,258,20),('09708212161502','CD558887','Zineb','KHADDAOUI','F','1997-08-29',53,'Fes','','','KHADDAOUI Zineb.jpg','','2016-09-08','BAC',1,79,207,207,19),('09708212171597','CD643133','Fedoua','BELMEHDI','F','1997-08-30',53,'Fes','','694846205','BELMEHDI_Fedoua.jpg','','2017-09-18','BAC',1,78,107,107,20),('09709212151421','CD650856','Hajar','TAJMOUATI','F','1997-09-17',53,'Fes','','0663689461','TAJMOUATI.jpg','','2015-09-10','BAC',4,80,285,285,19),('09710212151416','CD282556','Safae','SAMOUH','F','1997-10-10',53,'Fes','','0678175575','SAMOUH Safae.jpg','','2015-09-07','BAC',4,80,282,282,20),('09711212161491','CD556975','Kaoutar','SBAI','F','1997-11-26',53,'Fes','','','SABAI Kaoutar.jpg','','2016-09-01','BAC',1,79,225,225,20),('09711212161523','CB274422','Safae','BROUK','F','1997-11-20',53,'Fes','','','BROUK Safae.jpg','','2016-09-26','BAC',1,79,182,182,20),('09711212171565','CD284551','Kaoutar','ELMOFATICHE','F','1997-11-18',53,'Fes','','691557607','EL MOFATICHE_Kaoutar.jpg','','2017-09-06','BAC',1,78,132,132,20),('09712212151393','CD587601','AYA','LAHJOUJI','F','1997-12-12',53,'Fes','','0600502092','LAHJOUJI Aya.jpg','','2015-08-25','BAC',4,80,265,265,20),('09801212151391','CD558742','Hanane','MGARRAH','F','1998-01-16',53,'Fes','','0618369818','MGARRAH Hanane.jpg','','2015-08-26','BAC',4,80,270,270,20),('09801212151394','Z576317','Omayma','CHAHBAR ','F','1998-01-01',53,'Douar bouyasli Taza','','0637677397','CHAHBAR Oumaima.jpg','','2015-08-27','BAC',4,80,247,247,20),('09801212161455','CD470864','Dounia','EL MAYSSOUR','F','1998-01-01',53,'Fes','','654032650','EL MAYSOUR Dounia.jpg','','2016-05-23','BAC',1,79,195,195,19),('09801212161475','CD641124','Ibtissam','CHOUBBY','F','1998-01-09',53,'Bouhouda Taounate','','','CHOUBBY Btissam.jpg','','2016-08-01','BAC',1,79,184,184,20),('09802212161479','CD558455','Nada','KARROUM','F','1998-02-27',53,'Fes','','','KARROUM Nada.jpg','','2016-08-02','BAC',1,79,206,206,20),('09805212161487','CD284674','Oumaima','HOUMANI','F','1998-05-10',53,'Fes','','','HOUMANI Oumaima.jpg','','2016-08-10','BAC',1,79,201,201,20),('09807212151413','CD470766','Fatima Zohra','SERSOURI ','F','1998-07-16',53,'Fes','','608989515','SERSOURI Fatima Zohra.jpg','','2015-09-07','BAC',4,80,283,283,19),('09808212171609','CD267748','Meryem','FAGROUCHE','F','1998-08-01',53,'Fes','','661429609','FAGROUCH_Meryam.jpg','','2017-09-26','BAC',1,78,135,135,19),('09809212161490','DB27148','Bouchra','OUTALEB ','F','1998-09-15',53,'Ait Idir dayat Aoua Ifrane','','671425104','OUTALEB Bouchra.jpg','','2016-08-26','BAC',1,79,221,221,20),('09809212161524','CD470523','Khadija','LAHLOU','F','1998-09-30',53,'Fes','','','LAHLOU Khadija.jpg','','2016-10-05','BAC',1,79,208,208,20),('09810212161464','SZ12564','Imane','DAOUDI','F','1998-10-22',53,'Zaio Nador','','','DADOUDI Imane.jpg','','2016-06-25','BAC',1,79,186,186,20),('09810212161485','CD672008','Kaoutar','GHCHIOUI','F','1998-10-12',53,'Fes','','','GHCHIOUI Kaoutar.jpg','','2016-08-08','BAC',1,79,198,198,20),('09811212161456','D892958','Salma','ACHOUKHI','F','1998-11-16',53,'Rabat','','641645980','ACHOUKHI Salma.jpg','','2016-07-04','BAC',1,79,169,169,20),('09812212181701','CD588749','Basma','ABAKHOUCH','F','1998-12-13',53,'Mrirt','','672991929','PHOTO ABAKHOUCH Basma.jpg','','2018-09-21','BAC',1,77,1,1,20),('09901212161498','CD472035','Hafsa','TAZI','F','1999-01-01',53,'Fes','','661757730','TAZI Hafsa.jpg','','2016-09-06','BAC',1,79,230,230,19),('09901212161504','CD472322','Hibba','TANNOUCHE-BENNANI','F','1999-01-06',53,'Fes','','','TANNOUCH BENNANI Hibba.jpg','','2016-09-15','BAC',1,79,229,229,19),('09901212171534','CD720209','Soukayna','ES-SAKHI ','F','1999-01-20',53,'Fes','','658590975','ES-SAKHI.jpg','','2017-06-08','BAC',1,78,133,133,19),('09901212171549','CD701554','Wissal','MOUTAHID','F','1999-01-29',53,'Kasbat Tadla Benimellal','','613791475','MOUTAHID_Wissal.jpg','','2017-08-15','BAC',1,78,155,155,20),('09901212181705','CD285675','Oumaima','RAYA','F','1999-01-25',53,'Fes','','676460393','PHOTO RAYA Oumaima.jpg','','2018-09-18','BAC',1,77,81,81,19),('09902212171584','CD473230','Wijdane','GAOUGAOU','F','1999-02-20',53,'Taounate','','656130837','GAOUGAOU Wijdane.jpg','','2017-07-12','BAC',1,78,138,138,19),('09902212171598','CD702528','Zineb','EL ATRACHE ','F','1999-02-03',53,'Fes','','652952035','EL ATTRACHE_Zineb.jpg','','2017-09-19','BAC',1,78,124,124,20),('09902212181686','CD588785','Chaimae','FALIH','F','1999-02-28',53,'Fes','','660814034','PHOTO FALIH Chaimae.jpg','','2018-04-27','BAC',1,78,136,136,19),('09903212161482','CD671937','Wassima','EL HAYOUNI','F','1999-03-22',53,'Fes','','0669768665(S)','EL HAYOUNI Wassima.jpg','','2016-08-01','BAC',1,79,194,194,19),('09903212171593','CD473323','Rihabe','BENGHANEM','F','1999-03-08',53,'Fes','','697456704','BENGHANEM Rihabe.jpg','','2017-09-12','BAC',1,78,112,112,20),('09904212161481','CD641764','Hasnae','CHRAIBI','F','1999-04-02',53,'Fes','','','CHRAIBI Hasnae.jpg','','2016-08-03','BAC',1,79,185,185,19),('09905212171561','CD515265','Chaimae','ET TAOUDI ','F','1999-05-23',53,'Fes','','613376829','ET TAOUDI Chaimae.jpg','','2017-08-01','BAC',1,78,134,134,20),('09905212181638','CD267683','Ghita','DEKKAKI','F','1999-05-03',53,'Fes','ghita-dek@outlook.fr','664282403','PHOTO DEKKAKI Ghita.jpg','','2018-07-26','BAC',1,77,32,32,20),('09906212171537','CD702623','Wissal','ABIDI','F','1999-06-10',53,'Fes','','616610653','ABIDI_Wissal.jpg','','2017-07-03','BAC',1,78,96,96,20),('09908212181625','CD741673','Chaimae','BENKIRANE','F','1999-08-21',53,'Fes','','660041496','PHOTO BENKIRANE Chaimae.jpg','','2018-07-03','BAC',1,77,16,16,20),('09909212181690','CD693727','Khaoula','MOURADI','F','1999-09-28',53,'Fes','mouradikaoula@gmail.com','','PHOTO MOURADI Khaoula.jpg','','2018-09-14','BAC',1,77,73,73,21),('09910212181704','CD472258','Zohor','EL AJLI ','F','1999-10-11',53,'Fes','zohor-elajli008@gmail.com','679747854','PHOTO EL AJLI Zhor.jpg','','2018-09-22','BAC',1,77,36,36,21),('09911212171580','CD515482','Yasmine','MESBAHI IDRISSI ','F','1999-11-22',53,'Fes','','655261741','MESBAHI IDDRISSI_Yasmine.jpg','','2017-07-24','BAC',1,78,152,152,19),('09912212171582','CD694219','Fatima Zahrae','CHAQCHAQ','F','1999-12-21',53,'Fes','','637161904','CHAQCHAQ_Fatima Zahrae.jpg','','2017-08-15','BAC',1,78,119,119,20),('09912212181616','CD287260','Bouchra','ABDELLI','F','1999-12-26',53,'Laajajra Moulay Yacoub','','','PHOTO ABDELLI Bouchra.jpg','','2018-01-22','BAC',1,77,2,2,19),('10001212171554','UA117537','Atmane','HASNI','M','2000-01-19',53,'Goulmima Errachidia','','650527632','HASNI_Atmane.jpg','','2017-07-25','BAC',1,78,143,143,20),('10001212171566','CD693957','Oussama','BOUKHSSIMI','M','2000-01-31',53,'Fes','','693390848','BOUKHSSIMI_Oussama.jpg','','2017-09-06','BAC',1,78,117,117,20),('10001212181643','CD694643','Yassine','EL BOUZIDI','M','2000-01-15',53,'Oujda','yacine.elbouzidi@gmail.com','634153344','PHOTO EL BOUZIDI Yassine.jpg','','2018-09-08','BAC',1,77,39,39,21),('10001212181668','CD461227','Ismail','LAILANI','M','2000-01-13',53,'Fes','ismailoslailani@gmail.com','663735471','PHOTO LAILANI Ismail.jpg','','2018-07-02','BAC',1,77,69,69,19),('10001212181687','V349340','Mohammed Laarbi','ZOUHIR','M','2000-01-08',53,'Khenifra','medarbi12346@gmail.com','661187138','PHOTO ZOUHIR Mohammed Laarbi.jpg','','2018-07-28','BAC',1,77,92,92,20),('10001212181699','CD701436','Mohammed','BEN AZZA','M','2000-01-04',53,'Fes','momo-simo99@hotmail.fr','668475971','PHOTO BEN AZZA Mohammed.jpg','','2018-09-20','BAC',1,77,13,13,21),('10002212181624','CD694192','Mustapha','BENADDOU IDRISSI','M','2000-02-29',53,'Fes','Mustapha.bn.idrissi@gmail.com','619545434','PHOTO BENADDOU IDRISSI Mustapha.jpg','','2018-07-20','BAC',1,77,14,14,21),('10002212181626','CD387382','Mahdi','BENNANI','M','2000-02-16',53,'Fes','mahdibennani16@gmail.com','649954192','PHOTO BENNANI Mahdi.jpg','','2018-09-06','BAC',1,77,17,17,21),('10002212181706','CD471596','Oussama','JAOUAN','M','2000-02-29',53,'Fes','oussamajaouan@gmail.com','642608102','PHOTO JAOUAN.jpg','','2018-09-04','BAC',1,77,63,63,21),('10003212171545','CD693941','Ismail','MERNISSI ARIFI ','M','2000-03-08',53,'Fes','','681170455','MERNISSI ARIFI_Ismail.jpg','','2017-08-29','BAC',1,78,151,151,20),('10003212171551','CD287514','Amine','EL MOUSSAED','M','2000-03-06',53,'Fes','','681908239','ELMOUSSAD_Amine.jpg','','2017-08-08','BAC',1,78,130,130,20),('10003212171581','CD663985','Ayoub','BENSALAH','M','2000-03-03',53,'Fes','','626394063','BENSALAH_Ayoub.jpg','','2017-07-13','BAC',1,78,114,114,20),('10003212181647','ZT265273','Houssam','EL-BAKKOURI','M','2000-03-21',53,'Taounate','houssam.bek.bek@gmail.com','679350104','PHOTO EL-BAKKOURI Houssam.jpg','','2018-07-21','BAC',1,77,44,44,19),('10003212181653','CD473077','Mohammed','FARES','M','2000-03-30',53,'Imouzzer Kandar','simofares603@gmail.com','','PHOTO FARES Mohammed.jpg','','2018-07-27','BAC',1,77,51,51,19),('10003212181676','CD472229','Reda','RAHI','M','2000-03-16',53,'Tanger','rahi.reda2000@gmail.com','682665596','PHOTO RAHI Reda.jpg','','2018-07-10','BAC',1,77,80,80,19),('10003212181694','CD703428','Omar','ARHARBI','M','2000-03-26',53,'Fes','omararharbi77@gmail.com','0682406227','PHOTO ARHARBI Omar.jpg','','2018-09-18','BAC',1,77,7,7,20),('10004212171557','D965930','Bachir','OUFAQUIR','M','2000-04-20',53,'Meknes','','0667370602 tante','OUFAKIR_Bachir.jpg','','2017-07-27','BAC',1,78,157,157,19),('10004212181635','CD473617','Walid','BOUZOUBAA','M','2000-04-15',53,'Fes','','661602516','PHOTO BOUZOUBAA Walid.jpg','','2018-06-11','BAC',1,77,28,28,19),('10004212181683','CB329771','Zakaria','ZEJLY','M','2000-04-24',53,'Ribat El Kheir Sefrou','zejly12@gmail.com','0614574306','PHOTO ZEJLY Zakaria.jpg','','2018-09-10','BAC',1,77,91,91,19),('10005212181636','CD722027','El Mehdi','CHAOUNI BENABDELLAH','M','2000-05-20',NULL,'Fes','','661562281','PHOTO  CHAOUNI BENABDELLAH EL MEHDI.jpg','','2018-06-25','BAC',1,77,29,29,19),('10005212181697','CD267478','Ahmed','OUAZZANI TOUHAMI','M','2000-05-22',53,'Fes','','664357445','PHOTO OUAZZANI TOUHAMI Ahmed.jpg','','2018-09-19','BAC',1,77,76,76,19),('10006212181619','CB333556','Nabil','AMHAOUCH','M','2000-06-09',53,'Ifrane','amhaouch63@gmail.com','0619295695','PHOTO AMHAOUCH Nabil.jpg','','2018-09-07','BAC',1,77,5,5,19),('10007212171560','CD674734','EL Mehdi','OUAZZANI TOUHAMI','M','2000-07-29',53,'Fes','','694277644','OUAZZANI TOUHAMI_Mehdi.jpg','','2017-09-15','BAC',1,78,156,156,19),('10007212171600','CD675294','Imad','MACHKOUR','M','2000-07-31',53,'Fes','','636294741','MACHKOUR_Imad.jpg','','2017-09-21','BAC',1,78,150,150,19),('10007212181640','LA175068','Aymane','EJ-JAIDI','M','2000-07-23',53,'Fes','aymane-ejjaidi@gmail.com','670888924','PHOTO EJ-JAIDI Aymane.jpg','','2018-09-10','BAC',1,77,34,34,21),('10007212181689','CD472083','Yassine','EL MILOUDI','M','2000-07-19',53,'Fes','yassinelmiloudi31@gmail.com','645096630','PHOTO EL MILOUDI Yassine.jpg','','2018-09-12','BAC',1,77,41,41,19),('10007212181695','CD743487','Mouad','EL AOUNI','M','2000-07-31',53,'Fes','hamidelaouni012@gmail.com','66446942','PHOTO EL AOUNI Mouad.jpg','','2018-09-20','BAC',1,77,38,38,19),('10008212171539','CD655397','Yassine','CHIBOUB','M','2000-08-10',53,'Fes','','653268960','CHIBOUB_Yassine.jpg','','2017-07-06','BAC',1,78,120,120,20),('10008212181620','CD267112','Mohammed Amine','BAMOU','M','2000-08-07',53,'Fs','amine.bamou20@gmail.com','0670885412','PHOTO BAMOU Mohammed.Amine.jpg','','2018-07-02','BAC',1,77,9,9,19),('10009212181665','CD676956','Ismail','KOUIDI','M','2000-09-01',53,'Fes','','','PHOTO KOUIDI Ismail.jpg','','2018-07-20','BAC',1,77,66,66,20),('10009212181698','CD742364','Youness','EL KHADDAR','M','2000-09-04',53,'Fes','flache20.2015@gmail.com','641211048','PHOTO EL KHADDAR Youness.jpg','','2018-09-19','BAC',1,77,40,40,21),('10010212181663','CD694710','Ismail','JDIRI IDRISSI ','M','2000-10-19',53,'Fes','','652092268','PHOTO JDIRI IDRISSI Ismail.jpg','','2018-09-06','BAC',1,77,64,64,20),('10010212181692','CD472045','Othmane','ASSERRAR','M','2000-10-26',53,'Fes','yassi1928@gmail.com','','PHOTO ASSERAR Othmane.jpg','','2018-09-14','BAC',1,77,8,8,21),('10010212181711','CD678164','Karim','AMRANI ZERRIFI','M','2000-10-09',53,'Fes','','642095973','PHOTO AMRANI ZRIFI.jpg','','2018-10-13','BAC',1,77,6,6,19),('10011212181651','S795660','Hussam','ES-SMAHI','M','2000-11-07',53,'Ihaddaden Nador','hussamessmahi@gmail.com','0669661972','PHOTO ES-SMAHI Hussam.jpg','','2018-08-15','BAC',1,77,49,49,19),('10012212181630','CD354133','Hamza','BOUBRAHMI FILALI','M','2000-12-26',53,'Fes','hamzafilali113@gmail.com','651731814','PHOTO BOUBRAHMI FILALI Hamza.jpg','','2018-09-07','BAC',1,77,23,23,19),('10012212181645','CD676699','El Mehdi','EL MOUFID','M','2000-12-22',53,'Fes','ElmehdiElmoufid@gmail.com','663890802','PHOTO EL MOUFID El Mehdi.jpg','','2018-09-07','BAC',1,77,42,42,19),('10012212181659','CD676746','Amine','HAYANI SOUJAA ','M','2000-12-04',53,'Beni Ensar','','639802326','PHOTO HAYANI SOUJAA Amine.jpg','','2018-09-01','BAC',1,77,60,60,20),('10012212181682','CD676504','Zakaria','ZEJLY','M','2000-12-21',53,'Fes','','','PHOTO ZEJLI Zakaria.jpg','','2018-07-30','BAC',1,77,90,90,21),('10101212181629','CD644094','Mohamed Anas','BOUBII','M','2001-01-01',53,'Fes','','0643415646','PHOTO BOUBII Mohamed Anas.jpg','','2018-08-13','BAC',1,77,22,22,19),('10101212181632','CD475104','Jaad','BOUKHAM','M','2001-01-20',53,'Fes','jadwin10@outlook.com','697895884','PHOTO BOUKHAM Jaad.jpg','','2018-08-01','BAC',1,77,25,25,19),('10101212181646','CD388154','M\'Hammed','EL MRABET','M','2001-01-03',53,'Fes','','651113634','PHOTO EL MRABET M\'HAMMED.jpg','','2018-06-30','BAC',1,77,43,43,20),('10101212181679','CD474866','Mohammed','THAIFA','M','2001-01-02',53,'Fes','thaifasimohammed@gmail.com','','PHOTO THAIFA Mohammed.jpg','','2018-07-16','BAC',1,77,87,87,21),('10102212181623','CD473774','Yassine','BELKHAYAT ZOUGGARI ','M','2001-02-23',53,'Fes','','0661154562','PHOTO BELKHAYAT ZOUGGARI Yassine.jpg','','2018-07-03','BAC',1,77,12,12,19),('10102212181641','DA96052','Yasser','EL ABDI EL ALAOUI','M','2001-02-21',53,'Tigrigra ','','','PHOTO EL ABDI EL ALAOUI Yasser.jpg','','2018-07-10','BAC',1,77,35,35,19),('10102212181657','CD472665','Ibrahim','HAJJAJ','M','2001-02-24',53,'Fes','brahim.hjj99@gmail.com','667177320','PHOTO HAJJAJ Ibrahim.jpg','','2018-07-23','BAC',1,77,57,57,21),('10102212181678','CD643714','Ayoub','TAZI-CHERTI','M','2001-02-19',53,'Fes','ayoubtazi100@gmail.com','660627750','PHOTO TAZI-CHERTI Ayoub.jpg','','2018-09-12','BAC',1,77,86,86,20),('10103212181633','CB328293','Oussama','BOUMAAKAL','M','2001-03-02',53,'Sefrou','oussamaboumaakal@gmail.com','668509776','PHOTO BOUMAAKAL Oussama.jpg','','2018-07-31','BAC',1,77,26,26,21),('10104212181648','CD473101','Anas','ELBOUCHIKHI','M','2001-04-04',53,'Fes','','663183445','PHOTO ELBOUCHIKHI Anas.jpg','','2018-07-26','BAC',1,77,45,45,19),('10104212181680','CB332184','Abdelmoktadir','TISSIR','M','2001-04-16',53,'Fes','abdel.tissir09@gmail.com','','PHOTO TISSIR Abdelmoktadir.jpg','','2018-09-02','BAC',1,77,88,88,21),('10104212181696','CD724209','Zakariae','SRIJA ','M','2001-04-27',53,'Ait Sebaa Sefrou','studentineurope@gmail.com','0637846940','PHOTO SRIJA Zakariae.jpg','','2018-09-19','BAC',1,77,84,84,19),('10105212181673','P344663','Aymane','NABIL','M','2001-05-03',53,'Ouarzazate','aymanenabil486@gmail.com','662085181','PHOTO NABIL Aymane.jpg','','2018-08-30','BAC',1,77,75,75,21),('10106212181656','DB25292','Hamza','GUERINECHE','M','2001-06-11',53,'Ifrane','note2016hamza@gmail.com','618242536','PHOTO GUERINECHE Hamza.jpg','','2018-08-07','BAC',1,77,56,56,19),('10107212181703','CD696878','Youssef','COHEN','M','2001-07-20',53,'Fes','youssefcohen31@gmail.com','665631453','PHOTO COHEN Youssef.jpg','','2018-09-12','BAC',1,77,30,30,19),('10112212181700','CD674733','Hamza','OUAZZANI TOUHAMI','M','2001-12-11',53,'Fes','hamza.ouazzani@outlook.com','622390103','PHOTO OUAZZANI TOUHAMI Hamza.jpg','','2018-09-14','BAC',1,77,77,77,20),('18801212191713','CD222683','Amine','BENSLIMANE','M','1988-01-01',53,'Fs','wahoweb@gmail.com','0662711431','maleStudent.jpg','24748925','2019-03-12','ISTA',1,83,296,296,19),('19111212141367','CD511628','Mohamed','MOUMMOU','M','1991-11-30',53,'Tetouan','','0662025243','MOUMOU Mohamed.jpg','','2014-09-19','BAC',4,80,273,273,19),('19211224151406','R600430','Moussa','KONATE','M','1992-11-20',34,'Kerouane','','','KONATE Moussa.jpg','','2015-10-14','BAC',4,81,291,291,19),('19301212181685','CD209311','Mohammed','DEROUICH','M','1993-01-19',53,'Fes','','606016234','PHOTO DEROUICHE Mohammed.jpg','','2018-07-10','ISTA',1,78,123,123,19),('19303212181710','V306285','Mohamed','OUJNINE','M','1993-03-23',53,'Khenifra','','623318485','PHOTO OUJNINE.jpg','','2018-10-12','ISTA',1,79,219,219,19),('19306212151451','CD510297','Omar','ERRIAHI EL IDRISSI','M','1993-06-17',53,'Fes','','','ERRIAHI ELIDRISSI Omar.jpg','','2015-10-09','BAC',1,79,196,196,20),('19308212151377','CD205709','Mohammed','NESNAS','M','1993-08-06',53,'Fes','','0665982498','NASNAS Mohamed.jpg','','2015-06-23','BAC',4,80,276,276,19),('19311212151425','VA115761','Mohsine','BAHHOU','M','1993-11-14',53,'Midelt','','651728262','BAHHOU Mohsine.jpg','','2015-09-15','BAC',4,80,235,235,19),('19408212141322','CD563351','Mohammed','EL ABBADI','M','1994-08-15',53,'Fes','','614564153','EL ABBADI Mohamed.jpg','','2014-09-09','BAC',4,80,253,253,20),('19408212161520','CD673486','Oussama-Aniss','MAAMRI','M','1994-08-17',53,'Fes','','600061068','MAAMRI Oussama.jpg','','2016-09-23','BAC',1,79,212,212,19),('19409212161517','CD379102','Hamza','LAHMAME','M','1994-09-01',53,'Fes','','637983881','LAHMANE Hamza.jpg','','2016-09-22','BAC',1,79,209,209,19),('19503212171610','CD624575','Mohamed Achraf','BOURASSE','M','1995-03-19',53,'Fes','','0613865341','BOURASSE_Mohamed Achraf.jpg','','2017-09-27','ISTA',4,80,246,246,20),('19504212141300','CD552758','Omar','REGRAGUI','M','1995-04-09',53,'F','','61164485','REGRAGUI Omar.jpg','','2014-06-27','BAC',4,81,293,293,19),('19507212161521','CD470161','Alain Khalil ','YECHOUTI','M','1995-07-12',27,'Paris','','648228095','YECHOUTI Khalil.jpg','','2016-09-23','BAC',1,79,232,232,19),('19508212141334','CD553335','Hamza','MOUNTACER','M','1995-08-25',53,'El Kelaa Des Sraghna','','0653819708','MOUNTACER Hamza.jpg','','2014-09-01','BAC',4,80,274,274,19),('19508212151381','CD513259','Ahmed','SALAH BENNANI','M','1995-08-18',53,'Casablanca','','661952737','SALAH BENNANI Ahmed.jpg','','2015-08-05','BAC',4,80,281,281,20),('19508212151431','CD281239','Ayoub','ER-RAZKI','M','1995-08-30',53,'Fes','','0610456912','ERRAZKI Ayoub.jpg','','2015-09-17','BAC',4,80,259,259,20),('19508212161529','CD595820','Othmane','TITNAALIOUI IDRISSI','M','1995-08-11',53,'Fes','','693492711','TITNA ALAOUI IDRISSI Othmane.jpg','','2016-10-05','BAC',1,78,164,164,19),('19509212151415','CD590109','Omar','BELLAHCENE','M','1995-09-15',53,'Fes','','0697162016','BELLAHCENE Omar.jpg','','2015-09-04','BAC',4,80,238,238,19),('19510212171558','CD620021','Anass','FENNASSI OUAALANI','M','1995-10-26',53,'Fes','','','FENNASSI_Anass.jpg','','2017-09-05','BAC',1,77,52,52,20),('19511212141344','CD271161','Saad','KHALFAOUI','M','1995-11-27',53,'Tissa Taounate','','','KHALFAOUI Saad.jpg','','2014-09-09','BAC',4,81,290,290,19),('19511212151429','CD641885','Hamza','OUADHDHAFE','M','1995-11-12',53,'Fes','houaddafe@gmail.com','0645807268','OUADHAF Hamza.jpg','','2015-09-17','BAC',4,80,277,277,19),('19511212181650','CD622219','Issam','EN-NASYRY','M','1995-11-14',53,'Fes','john_mayer@live.fr','0621432723','PHOTO EN-NASYRY_0001.jpg','','2018-07-19','BAC',1,77,48,48,20),('19602212141323','CD623083','Oussama Mohamed','MABROUKI','M','1996-02-27',53,'Auxerre France','','0661365549(P)','MABROUKI Oussama.jpg','','2014-08-30','BAC',4,80,266,266,19),('19603212171533','Z558891','Mohammed Ali','BEN MOUSSA','M','1996-03-25',53,'Fes','','630971326','BEN MOUSSA_Mohammed Ali.jpg','','2017-05-12','BAC',1,78,109,109,19),('19603212171615','Z581890','Reda','GHAOUTI','M','1996-03-12',53,'Taza','','602356851','EL GHOUTI Reda.jpg','','2017-09-30','BAC',1,78,139,139,20),('19604212171602','CD585919','Ismail','BOUAKA','M','1996-04-12',53,'Fes','','','BOUAKA_Ismail.jpg','','2017-09-21','ISTA',1,79,181,181,20),('19605212141343','CD637991','Walid','BEN AYYAD','M','1996-05-30',53,'Fes','','0655606599','BEN AYYAD Walid.jpg','','2014-09-09','BAC',4,80,239,239,19),('19605212151386','CD624724','Ayoub','MENGAD','M','1996-05-11',53,'Fes','','','MENGAD Ayoub.jpg','','2015-07-31','BAC',4,80,269,269,19),('19606212171612','CD280906','Anas','EL HANI','M','1996-06-08',53,'Fes','','','EL HANI_Anas.jpg','','2017-09-30','ISTA',1,79,193,193,20),('19607212141371','CD489166','Mehdi','BENJELLOUN ','M','1996-07-02',53,'Fes','','0655775311','BENJELLOUN Mehdi.jpg','','2014-10-15','BAC',4,80,241,241,19),('19607212151392','Z586997','Kamal','BENTALEB','M','1996-07-04',53,'Taza','','','BENTALEB Kamal.jpg','','2015-08-26','BAC',1,79,180,180,19),('19607212151399','CD596953','Omar','TOUZANI','M','1996-07-23',53,'Fes','','689270508','TOUZANI.jpg','','2015-07-07','BAC',4,80,286,286,20),('19607212151427','CD487670','Ayoub','MEKOUAR','M','1996-07-13',53,'Nice','','664153714','MEKOUAR Ayoub.jpg','','2015-09-16','BAC',4,80,268,268,19),('19608212151400','CD587182','Salah Eddine ','ESSAHLI','M','1996-08-26',53,'Fes','','','ESSAHLI Salah Eddine.jpg','','2015-07-15','BAC',1,79,197,197,19),('19610212161473','FA171651','Driss','BENSAID ','M','1996-10-15',53,'Berkane','','613830822','BENSAID Driss.jpg','','2016-07-24','BAC',1,79,179,179,19),('19611212151422','CD624728','Kamal','EL KADI','M','1996-11-10',53,'Fes','','0658567056','ELKADI Kamal.jpg','','2015-09-14','BAC',4,80,256,256,19),('19611212161463','ZT238646','Yassir','EL GUERYNY','M','1996-11-29',53,'Karia Ba Mohamed Taounate','','','EL GUERGNY Yassir.jpg','','2016-09-28','BAC',1,79,190,190,20),('19612224161527','O00096538','Mahmoud','DIALLO','M','1996-12-17',34,'Conakry','','','DIALLO Mahmoud (2eme annee).jpg','','2016-10-07','BAC',4,80,251,251,19),('19701212141296','CD513393','Fahd','SOSSEY ALAOUI','M','1997-01-13',53,'F','','','SOSSEY ALAOUI Fahd.jpg','','2014-07-05','BAC',4,81,294,294,19),('19702212151376','CD471550','Omar','NESNAS','M','1997-02-27',53,'Fes','','0698955407','NASNAS Omar.jpg','','2015-09-10','BAC',4,80,275,275,19),('19702212161476','CD470579','Imad','JANATI IDRISSI','M','1997-02-21',53,'Fes','','','JANATI IDRISSI Imad.jpg','','2016-08-01','BAC',1,79,203,203,19),('19702212161500','GK138650','Ayoub','AZOUZI','M','1997-02-27',53,'Fes','','625995980','AZOUZI Ayoub.jpg','','2016-08-11','BAC',1,79,174,174,20),('19702212161532','CD587253','Mohammed','EL BOURI','M','1997-02-02',53,'Fes','','656258282','ELBOURI Mohammed.jpg','','2016-10-15','BAC',1,79,188,188,20),('19702212181702','CD640336','Hamza','ZIRARI','M','1997-02-06',53,'Fes','','617806848','PHOTO FALIH Chaimae - Copie.jpg','','2018-07-13','BAC',1,78,166,166,20),('19703212161486','CB311228','Mehdi','ASSABBANE','M','1997-03-28',53,'El Menzel Sefrou','','','ASSABBANE Mehdi.jpg','','2016-08-09','BAC',1,79,173,173,19),('19703212181642','CD694968','Abdelghani','EL AMRANI','M','1997-03-02',53,'Ouled Yahia','abdallghaniuimallah@gmail.com','0670190914','PHOTO EL AMRANI Abdelghani_0001.jpg','','2018-09-03','BAC',1,77,37,37,20),('19703212181669','CD487104','Abdelati','LAKHAL ','M','1997-03-21',53,'Fes','Atioma97@outlook.com','667251442','PHOTO LAKHAL Abdelati.jpg','','2018-09-04','BAC',1,77,70,70,21),('19704212151434','CD271574','Walid','EL AMRANI EL MRINI ','M','1997-04-15',53,'Tetouan','','0676349713','ELAMRANI ELMRANI Walid.jpg','','2015-09-11','BAC',4,80,255,255,19),('19704212161465','DA90993','Soufiane','AMMY DRISS','M','1997-04-20',53,'Ait Mouli Ihdran  Ain Leuh Ifrane','','628357929','AMMY DRISS Soufiane.jpg','','2016-07-14','BAC',1,79,171,171,19),('19705212151418','CD599625','Ahmed','LAMARA','M','1997-05-27',53,'Fes','','','LAAMARA Ahmed.jpg','','2015-09-10','BAC',1,78,148,148,19),('19705212161457','ID79471','Wail','EL HADDAD','M','1997-05-14',53,'Fes','','','EL HADDAD Wail.jpg','','2016-07-11','BAC',1,79,191,191,19),('19705212171606','CD295542','Oussama','EL HALAFI','M','1997-05-20',53,'Fes','','622799289','EL HALAFI_Oussama.jpg','','2017-09-25','BAC',1,78,126,126,20),('19706212141307','CB306222','Jalal','JENNAN','M','1997-06-25',53,'Fes','','0627762334','JENNAN Jalal.jpg','','2014-07-03','BAC',4,80,264,264,20),('19706212151410','CD199259','Hamza','BOUNOU','M','1997-06-16',53,'Thar Es-soukTaounate','','0636611889','BOUNOU Hamza.jpg','','2015-09-17','BAC',4,80,245,245,19),('19707212161458','CD662598','Badr','NHAMMOUCHA','M','1997-07-30',53,'Fes','','691761689','NHAMMOUCHA Badr.jpg','','2016-07-11','BAC',1,79,218,218,19),('19707212161466','CD515185','Mohammed','M\'HIFED','M','1997-07-22',53,'Fes','','697436448','MHIFED Mohammed.jpg','','2016-07-15','BAC',1,79,215,215,20),('19708212151404','DB26547','Yassine','CHEGGAR ','M','1997-08-25',53,'Azrou','','649776628','CHEGGER Yassine.jpg','','2015-07-07','BAC',4,80,250,250,20),('19708212151408','CD282800','Mohammed Amine','SMYAJ','M','1997-08-26',53,'Fes','','0687880294','SMIAGE Mohamed Amine.jpg','','2015-06-30','BAC',4,80,284,284,20),('19708212161509','CD693158','Fahd','ABIDA','M','1997-08-14',53,'Fes','','','ABIDA Fahd.jpg','','2016-09-01','BAC',1,79,168,168,19),('19708212171541','CD284358','Zakariae','ANAGDA','M','1997-08-23',53,'Guercif','','605633270','ANAGDA_Zakaria.jpg','','2017-09-04','BAC',1,78,102,102,19),('19708212181693','CD265910','Mohammed Amine','HAOUMI','M','1997-08-14',53,'Taourirt','haoumiamine@gmail.com','667711340','PHOTO HAOUMI Mohamed Amine.jpg','','2018-09-15','BAC',1,77,58,58,20),('19709212151403','CD559475','Hamza','CHARKAOUI','M','1997-09-12',53,'Fes','','613493561','CHARKAOUI.jpg','','2015-09-04','BAC',4,80,249,249,20),('19709212181712','CD674465','Nassim','LOUKILI','M','1997-09-07',53,'Fs','','0659895000','PHOTO LOUKILI Nassim 3eme Anne.jpg','N147014008','2018-10-22','EST',1,79,297,297,20),('19709224151448','O00304070','Mamadou Kanghe','BALDE ','M','1997-09-21',34,'Conakry','','0680200389','BALDE Mamadou.jpg','','2015-10-01','BAC',4,80,236,236,19),('19710212171574','CD253746','Anas','CHAOUI','M','1997-10-26',53,'Fes','','696429258','CHAOUI_Anas.jpg','','2017-07-28','BAC',1,78,118,118,19),('19710212171601','HA202328','Mohammed-Reda','LALMICHE','M','1997-10-23',53,'Youssoufia','','','LALMICH_Mohammed Reda.jpg','','2017-09-11','ISTA',1,79,210,210,19),('19711212151439','CD641970','Omar','HADDAJ','M','1997-11-16',53,'Fes','','','HADDAJ Omar.jpg','','2015-09-30','BAC',1,79,200,200,20),('19711212161472','AD208624','Aymane','AROUS','M','1997-11-05',53,'Fes','','','AROUS Aymane.jpg','','2016-06-22','BAC',1,79,172,172,19),('19711212161496','CD640418','Taha','TOUNSI','M','1997-11-13',53,'Fes','','','TOUNSI Taha.jpg','','2016-09-01','BAC',1,79,231,231,19),('19711212161497','D964908','Abdelaali','OUKHDOUCH ','M','1997-11-08',53,'Imider tinghir','','699865039','OUAKHDOUCH Abdelaali.jpg','','2016-09-06','BAC',1,79,220,220,20),('19801212151388','CD283565','Soufiane','BARGAMOU','M','1998-01-24',53,'Meknes','','632144123','BARGAMOU Soufiane.jpg','','2015-09-02','BAC',4,80,237,237,20),('19801212151432','CD471520','Soufiyane','IBRIZ','M','1998-01-01',53,'Fes','','0619971047','IBRIZ Soufiyane.jpg','','2015-09-17','BAC',4,80,263,263,19),('19801212161467','Z554929','Hamza','JERANDO','M','1998-01-04',53,'Fes','','694905057','JRHONDO Hamza.jpg','','2016-06-30','BAC',1,79,204,204,20),('19801212161480','CD588743','Saad','MAALMI ','M','1998-01-25',53,'Fes','','','MAALMI Saad.jpg','','2016-08-02','BAC',1,79,211,211,19),('19801212161506','CD642015','Salah Eddine','REBHI','M','1998-01-01',53,'Fes','','','REBHI Salaheddine.jpg','','2016-09-08','BAC',1,79,222,222,19),('19801212171599','Z617346','Mourad','AMEHIOU','M','1998-01-27',53,'Tahla Taza','','648223910','AMEHIOU_Mourad.jpg','','2017-09-11','BAC',1,78,99,99,20),('19801212181654','CD654666','Mohammed','GHANDI','M','1998-01-08',53,'Fes','','671027186','PHOTO GHANDI Mohammed.jpg','','2018-09-05','BAC',1,77,54,54,20),('19802212151378','CD470996','Mohamed Ayman','BIYADI','M','1998-02-04',53,'Fes','','0677809455','BIYADA Ayman.jpg','','2015-08-11','BAC',4,80,243,243,20),('19802212151411','CD641570','Ilyass','EL MELLOULI','M','1998-02-25',53,'Berrechid','','0650326322','EL MELLOUKI Ilyass.jpg','','2015-09-02','BAC',4,80,257,257,20),('19802212161492','CD691040','Mohammed Yassine','JOUAL','M','1998-02-25',53,'Fes','','653417880','JOUAL Yassine.jpg','','2016-09-03','BAC',1,79,205,205,20),('19802212161495','CD286681','Iliass','MZIOUI','M','1998-02-17',53,'Fes','','','MZIOUI Iliass.jpg','','2016-09-05','BAC',1,79,216,216,20),('19802212171555','CD286249','Ismail','HAJJIOUI','M','1998-02-14',53,'Moulay Ali cherif Errachidia','','651997718','HAJJIOUI Ismail.jpg','','2017-07-27','BAC',1,78,141,141,19),('19802224171577','101701','Alpha Oumar','BANGOURA','M','1998-02-03',34,'Conakry','','648762926','BANGOURA_Alpha Omar.jpg','','2017-09-25','BAC',1,78,105,105,19),('19803212161468','CD641181','Abdelkarim','ABBADI','M','1998-03-21',53,'Casablanca','','641708328','ABBADI Abdelkarim.jpg','','2016-07-11','BAC',1,78,94,94,19),('19803212171559','CD641025','Otmane','AZMOU','M','1998-03-23',53,'Fes','','637523309','AZMOU Othmane.jpg','','2017-07-27','BAC',1,78,104,104,19),('19803212171564','CB320344','Abdennabi','AHRRABI','M','1998-03-28',53,'Imouzzer Kandar','','648669065','AHRRABI Abdennabi.jpg','','2017-08-02','BAC',1,78,98,98,20),('19803212171611','CD284281','Ayoub','SABBAR','M','1998-03-25',53,'Fes','','','SABAR_Ayoub.jpg','','2017-09-30','ISTA',1,79,223,223,20),('19803212181670','Z574369','Mohamed','LAMSSIAH','M','1998-03-24',53,'Oued Amlil Taza','mohamed-messi_FCB@hotmail.fr','624052502','PHOTO LAMSSIAH Mohamed.jpg','','2018-07-12','BAC',1,77,71,71,21),('19804212161494','CD692978','Abdellah','SBAI','M','1998-04-03',53,'Sefrou','','E-0633872021','SBAI Abdellah.jpg','','2016-09-05','BAC',1,79,226,226,19),('19804212171591','Z588424','Mohamed','EL HARAOUI','M','1998-04-25',53,'Oued Amlil Taza','','651700399','EL HARAOUI Mohamed.jpg','','2017-09-12','BAC',1,78,127,127,19),('19805212161459','IB215795','Saad','ZRIDI','M','1998-05-06',53,'Fquih Ben Salah','','','ZRIDI Saad.jpg','','2016-07-05','BAC',1,79,233,233,20),('19805212161471','GK146564','Mehdi','HACHEM ','M','1998-05-01',53,'Sidi Kacem','','','HACHEM Mehdi.jpg','','2016-07-22','BAC',1,79,199,199,20),('19805212161488','X401983','Ayman','BENALI','M','1998-05-09',53,'Khemisset','','650017484','BENALI Ayman.jpg','','2016-08-19','BAC',1,78,111,111,19),('19805212161511','CD700872','Oussama','SIDGUI','M','1998-05-03',53,'Fes','','','SIDGUI Oussama.jpg','','2016-09-19','BAC',1,79,227,227,19),('19805212171542','CD470799','Reda','BENNANI','M','1998-05-31',53,'Fes','','644977094','BENNANI_Reda.jpg','','2017-08-28','BAC',1,78,113,113,19),('19806212171578','CD472390','Yassine','BEN KIRANE','M','1998-06-30',53,'Fes','','618984841','BENKIRANE_Yassine.jpg','','2017-07-18','BAC',1,78,108,108,19),('19806212171596','CD641582','Taha','GUALI','M','1998-06-23',53,'Fes','','620895379','GUALI_Taha.jpg','','2017-09-07','BAC',1,78,140,140,19),('19807212161477','AA79581','Ibrahim','MERIZAK','M','1998-07-10',53,'Rabat','','624705096','MERIZAK Ibrahim.jpg','','2016-10-04','BAC',1,79,214,214,20),('19807212161489','CD670715','Driss','NFIFI','M','1998-07-21',53,'Fes','','696135535','NFIFI Driss.jpg','','2016-08-29','BAC',1,79,217,217,19),('19807212161507','CD690183','Driss','CHAHM','M','1998-07-29',53,'Fes','','','CHAHM Driss.jpg','','2016-09-16','BAC',1,79,183,183,19),('19807212161515','CD642011','Hamza','EL MARRASSE','M','1998-07-21',53,'Fes','','643154375','EL MARRASSE Hamza.jpg','','2016-09-21','BAC',1,78,129,129,19),('19808212161462','CD265860','Hamza','ABDERRAHMANI GHORFI','M','1998-08-12',53,'Fes','','','ABDERRAHMANI Hamza.jpg','','2016-07-05','BAC',1,79,167,167,20),('19808212161470','CD641586','Mohammed','BELHAJ','M','1998-08-09',53,'Fes','','','BELHAJ Mohamed.jpg','','2016-07-20','BAC',1,79,176,176,20),('19808212171552','CD641893','Reda','ZAHRAOUI','M','1998-08-12',53,'Fes','','','ZAHRAOUI Reda.jpg','','2017-08-08','BAC',1,78,165,165,19),('19809212151433','CD586994','El Yazid','EL AMRANI EL MRINI ','M','1998-09-26',53,'Tetouan','','0618668009','ELAMRANI ELMRANI Elyazid.jpg','','2015-09-11','BAC',4,80,254,254,19),('19809212161461','CD672260','El Mehdi','EL BRIDI','M','1998-09-28',53,'Fes','','','EL BRIDI El Mehdi.jpg','','2016-06-13','BAC',1,79,189,189,19),('19809212171538','CD662413','Youssef','ANOUAR ','M','1998-09-23',53,'Fes','','620999590','ANOUAR_Youssef.jpg','','2017-07-05','BAC',1,78,103,103,19),('19809212171590','Z583950','Marouane','TAHIRI','M','1998-09-07',53,'Oujda','','682599708','TAHIRI_MAROUANE.jpg','','2017-09-12','BAC',1,78,163,163,19),('19811212151395','CD700033','Abdechakour','BENAMIER','M','1998-11-12',53,'Fes','','0663146263','BENAMIER Abdechakor.jpg','','2015-07-29','BAC',4,80,240,240,20),('19812212161484','DJ33516','Ayoub','SABIR ','M','1998-12-05',53,'Sebaa Aiyoun  El Hajeb','','0651398673M','SABIR Ayoub.jpg','','2016-08-01','BAC',1,79,224,224,20),('19812212161522','CD674501','Ali','BENLEMLIH','M','1998-12-18',53,'Fes','','','BENLEMLIH Ali.jpg','','2016-09-24','BAC',1,79,177,177,20),('19812212171595','CD641324','Hamza','DARRAG','M','1998-12-11',53,'Fes','','619837413','DARRAG_Hamza.jpg','','2017-09-14','BAC',1,78,122,122,20),('19901212161474','CD284131','Khalil','BAKRI','M','1999-01-19',53,'Fes','','','BAKRI Khalil.jpg','','2016-07-28','BAC',1,79,175,175,19),('19901212161493','CD471234','Mehdi','BENNOUNA','M','1999-01-07',53,'Fes','','','BENNOUNA Mehdi.jpg','','2016-09-05','BAC',1,79,178,178,19),('19901212171567','CD694659','Aymane','IDRISSI TAOURAGHTI','M','1999-01-05',53,'Fes','','626291399','IDRISSI_Aymane.jpg','','2017-09-07','BAC',1,78,145,145,20),('19901212181621','CD697507','Hamza','BARBARA','M','1999-01-22',53,'Fes','','0766719492','PHOTO BARBARA hamza.jpg','','2018-07-11','BAC',1,77,10,10,20),('19901212181652','CD673960','Ayyoub','FAIZ','M','1999-01-01',53,'Ain Maatouf Taounate','','','PHOTO FAIZ Ayyoub.jpg','','2018-08-06','BAC',1,77,50,50,20),('19901212181684','CD472231','Mounaim','EL ALAOUI EL ABDALLAOUI','M','1999-01-26',53,'Fes','','628572875','PHOTO EL ALAOUI EL ABDELLAOUI Mounaim.jpg','','2018-09-07','ISTA',1,79,187,187,19),('19902212161469','CD641579','Mohammed','EL HAMZAOUI ','M','1999-02-04',53,'Fes','','','EL HAMZAOUI Mohamed.jpg','','2016-07-20','BAC',1,79,192,192,19),('19902212171550','V350523','Khalid','OUJNINE','M','1999-02-15',53,'Azrou Ifrane','','624656505','OUJNINE_Khalid.jpg','','2017-08-09','BAC',1,78,158,158,20),('19903212161505','CD642158','Badreddine','SLIMANI HOUTI','M','1999-03-17',53,'Fes','','','SLIMANI Badreddine.jpg','','2016-09-15','BAC',1,79,228,228,20),('19903212171579','CD470847','Mahmoud','BENJELLOUN.JBINA','M','1999-03-03',53,'Fes','','0662570101','BENJELLOUNE_Mahmoud.jpg','','2017-07-12','BAC',1,77,15,15,19),('19905212171536','CD471720','Ilyass','FILALI','M','1999-05-06',53,'Fes','','639248079','FILALI_Ilyas.jpg','','2017-06-29','BAC',1,78,137,137,20),('19905212171540','CD676122','Mohammed','DAFER','M','1999-05-29',53,'Fes','','676522326','DAFER.jpg','','2017-07-06','BAC',1,78,121,121,20),('19905212171572','CD701483','Mouad','SLIMI','M','1999-05-06',53,'Tahla Taza','','696061942','SLIMI_Mouad.jpg','','2017-08-05','BAC',1,78,162,162,20),('19906212171575','CD515681','Hamza','BELABID','M','1999-06-19',53,'Fes','','688433154','BELABID_Hamza.jpg','','2017-07-29','BAC',1,78,106,106,20),('19906212171583','CD642957','Marouane','KASSOU','M','1999-06-26',53,'Rabat','','693140805','KASSOU_Marouane.jpg','','2017-09-28','BAC',1,78,146,146,20),('19907212171544','D893934','Haitam','HARMA','M','1999-07-21',53,'Meknes','','621914449','HARMA Haitam.jpg','','2017-08-30','BAC',1,78,142,142,19),('19907212171556','CD694831','Yassine','AMIROUCH','M','1999-07-02',53,'Tissa Taounate','','639343204','AMIROUCH_Yassine.jpg','','2017-07-27','BAC',1,78,100,100,20),('19907212171573','CD693989','Amine','BEN OMAR EL MDAGHRI','M','1999-07-23',53,'Fes','','680554801','BEN OMAR EL MDAGHRI_Amine.jpg','','2017-09-06','BAC',1,78,110,110,19),('19907212181664','CD473271','Mohammed','KHATIB','M','1999-07-02',53,'Fes','','','PHOTO KHATIB Mohammed.jpg','','2018-09-08','BAC',1,77,65,65,21),('19908212171543','ZG148576','Ibrahim','LAHOUAR','M','1999-08-10',53,'Taounate','','659728940','LAHOUAR_Ibrahim.jpg','','2017-08-28','BAC',1,78,147,147,19),('19908212171546','CD692421','Anas','EL FAGROUCHI ','M','1999-08-19',53,'Fes','','694491050','EL FAGROUCHI_Anas.jpg','','2017-09-23','BAC',1,78,125,125,19),('19908212181666','CD719877','Mohammed','LAAMARTI','M','1999-08-07',53,'Fes','blaamarti51@gmail.com','0631913838','PHOTO LAAMARTI Mohammed.jpg','','2018-07-13','BAC',1,77,67,67,19),('19909212171569','CD266837','Hamza','ABBOU','M','1999-09-13',53,'Fes','','615722286','ABBOU_Hamza.jpg','','2017-09-06','BAC',1,78,95,95,19),('19909212171576','CD674659','Khalid','ABOU EL AIZ','M','1999-09-10',53,'Fes','','654237925','ABOUELAIZ Khalid.jpg','','2017-07-10','BAC',1,78,97,97,20),('19909212181631','CD288633','Mohammed Amine','BOUDIK','M','1999-09-03',53,'Fes','amin-titanic@gmail.com','663633198','PHOTO BOUDIK Mohammed Amine.jpg','','2018-09-07','BAC',1,77,24,24,19),('19909212181688','CB289839','Achraf','BETACH','M','1999-09-07',53,'Ribat El Kheir Sefrou','BETACH39@gmail.com','','PHOTO BETACH Achraf.jpg','','2018-09-10','BAC',1,77,20,20,21),('19910212171535','CD471804','Othmane','AMMOUR','M','1999-10-11',53,'Fes','','641498095','AMMOUR_Othmane.jpg','','2017-09-12','BAC',1,78,101,101,20),('19910212171547','CD643036','Soufiane','EL YAZIDI','M','1999-10-28',53,'Fes','','611093954','EL YAZID_Soufiane.jpg','','2017-07-14','BAC',1,78,131,131,20),('19910212171587','CD473224','Marouane','MIKOU','M','1999-10-31',53,'Fes','','687094442','MIKOU_Merouane.jpg','','2017-09-07','BAC',1,78,153,153,20),('19910212171613','CD642489','Idriss','IDRISSI','M','1999-10-05',53,'Fes','','699719809','IDRISSI_Idriss.jpg','','2017-10-02','BAC',1,78,144,144,20),('19910212171614','CD694901','Youness','MABROUKI','M','1999-10-25',53,'Fes','','','MABROUKI_Youness.jpg','','2017-10-06','BAC',1,78,149,149,19),('19911212171562','CD515173','Zakariae','AAOUIS','M','1999-11-16',53,'Fes','','636353632','AAOUIS Zakariae.jpg','','2017-07-31','BAC',1,78,93,93,19),('19911212181681','CD694080','Issam','ZAKRITE','M','1999-11-19',53,'Fes','','777409398','PHOTO ZAKRITE Issam.jpg','','2018-07-10','BAC',1,77,89,89,21);
/*!40000 ALTER TABLE `etudiant` ENABLE KEYS */;
UNLOCK TABLES;

--
-- Table structure for table `etudiant_document`
--

DROP TABLE IF EXISTS `etudiant_document`;
/*!40101 SET @saved_cs_client     = @@character_set_client */;
/*!40101 SET character_set_client = utf8 */;
CREATE TABLE `etudiant_document` (
  `etudiant_idEtudiant` varchar(100) NOT NULL,
  `documents_idDocument` int(11) NOT NULL,
  PRIMARY KEY (`etudiant_idEtudiant`,`documents_idDocument`),
  KEY `fk_etd` (`etudiant_idEtudiant`),
  KEY `fk_docs` (`documents_idDocument`),
  CONSTRAINT `documents_idDocument` FOREIGN KEY (`documents_idDocument`) REFERENCES `document` (`idDocument`) ON DELETE CASCADE ON UPDATE CASCADE,
  CONSTRAINT `etudiant_idEtudiant` FOREIGN KEY (`etudiant_idEtudiant`) REFERENCES `etudiant` (`idEtudiant`) ON DELETE CASCADE ON UPDATE CASCADE
) ENGINE=InnoDB DEFAULT CHARSET=latin1;
/*!40101 SET character_set_client = @saved_cs_client */;

--
-- Dumping data for table `etudiant_document`
--

LOCK TABLES `etudiant_document` WRITE;
/*!40000 ALTER TABLE `etudiant_document` DISABLE KEYS */;
INSERT INTO `etudiant_document` VALUES ('19703212181669',1),('19703212181669',2),('19703212181669',3),('19703212181669',4),('19703212181669',5),('00010212181660',6),('00010212181660',7),('00010212181660',8),('00010212181660',9),('00010212181660',10),('09812212181701',11),('09812212181701',12),('09812212181701',13),('09812212181701',14),('09812212181701',15),('09912212181616',16),('09912212181616',17),('09912212181616',18),('09912212181616',19),('09912212181616',20),('00006212181617',21),('00006212181617',22),('00006212181617',23),('00006212181617',24),('00006212181617',25),('00005212181618',26),('00005212181618',27),('00005212181618',28),('00005212181618',30),('00005212181618',31),('10006212181619',33),('10006212181619',34),('10006212181619',35),('10006212181619',36),('10006212181619',37),('10010212181711',38),('10010212181711',39),('10010212181711',40),('10010212181711',41),('10010212181711',42),('10003212181694',43),('10003212181694',44),('10003212181694',45),('10003212181694',46),('10010212181692',47),('10010212181692',48),('10010212181692',49),('10010212181692',50),('10008212181620',51),('10008212181620',52),('10008212181620',53),('10008212181620',54),('10008212181620',55),('19901212181621',56),('19901212181621',57),('19901212181621',58),('19901212181621',59),('19901212181621',60),('00007212181622',61),('00007212181622',62),('00007212181622',63),('00007212181622',64),('00007212181622',66),('10102212181623',67),('10102212181623',68),('10102212181623',69),('10102212181623',70),('10102212181623',71),('10001212181699',72),('10001212181699',73),('10001212181699',74),('10001212181699',75),('10001212181699',76),('10002212181624',77),('10002212181624',78),('10002212181624',79),('10002212181624',80),('10002212181624',81),('19903212171579',82),('19903212171579',83),('19903212171579',84),('19903212171579',85),('09908212181625',86),('09908212181625',87),('09908212181625',88),('09908212181625',89),('09908212181625',90),('09908212181625',91),('10002212181626',92),('10002212181626',93),('10002212181626',94),('10002212181626',95),('10002212181626',96),('00003212181627',97),('00003212181627',98),('00003212181627',99),('00003212181627',100),('00003212181627',101),('00003212181627',102),('00008212181628',103),('00008212181628',104),('00008212181628',105),('00008212181628',106),('00008212181628',107),('19909212181688',108),('19909212181688',109),('19909212181688',110),('19909212181688',111),('19909212181688',112),('00010212181709',113),('00010212181709',114),('00010212181709',115),('00010212181709',116),('10101212181629',117),('10101212181629',118),('10101212181629',119),('10101212181629',120),('10101212181629',121),('10012212181630',127),('10012212181630',128),('10012212181630',129),('10012212181630',130),('10012212181630',131),('19909212181631',132),('19909212181631',133),('19909212181631',134),('19909212181631',135),('10101212181632',136),('10101212181632',137),('10101212181632',138),('10101212181632',139),('10101212181632',140),('10103212181633',141),('10103212181633',142),('10103212181633',143),('10103212181633',144),('10103212181633',145),('00101212181634',146),('00101212181634',147),('00101212181634',148),('00101212181634',149),('00101212181634',150),('19301212181685',151),('19301212181685',152),('19301212181685',153),('19301212181685',154),('19301212181685',155),('19301212181685',156),('19301212181685',157),('19301212181685',158),('19301212181685',159),('19301212181685',160),('10004212181635',161),('10004212181635',162),('10004212181635',163),('10004212181635',164),('10004212181635',165),('10005212181636',166),('10005212181636',167),('10005212181636',168),('10005212181636',169),('10005212181636',170),('10107212181703',171),('10107212181703',172),('10107212181703',173),('10107212181703',174),('10107212181703',175),('00106212181637',176),('00106212181637',177),('00106212181637',178),('00106212181637',179),('00106212181637',180),('09905212181638',181),('09905212181638',182),('09905212181638',183),('09905212181638',184),('09905212181638',185),('00002212181639',186),('00002212181639',187),('00002212181639',188),('00002212181639',189),('00002212181639',190),('10007212181640',191),('10007212181640',192),('10007212181640',193),('10007212181640',194),('10007212181640',195),('10102212181641',196),('10102212181641',197),('10102212181641',198),('10102212181641',199),('10102212181641',200),('09910212181704',201),('09910212181704',202),('09910212181704',203),('09910212181704',204),('09910212181704',205),('09910212181704',206),('19703212181642',207),('19703212181642',208),('19703212181642',209),('19703212181642',210),('19703212181642',211),('10007212181695',212),('10007212181695',213),('10007212181695',214),('10007212181695',215),('10007212181695',216),('10001212181643',217),('10001212181643',218),('10001212181643',219),('10001212181643',220),('10001212181643',221),('10009212181698',222),('10009212181698',223),('10009212181698',224),('10009212181698',225),('10009212181698',226),('10007212181689',227),('10007212181689',229),('10007212181689',230),('10007212181689',231),('10007212181689',232),('10012212181645',233),('10012212181645',234),('10012212181645',235),('10012212181645',236),('10012212181645',237),('10101212181646',238),('10101212181646',239),('10101212181646',240),('10101212181646',241),('10101212181646',242),('10101212181646',243),('10003212181647',244),('10003212181647',245),('10003212181647',246),('10003212181647',247),('10003212181647',248),('10104212181648',254),('10104212181648',255),('10104212181648',256),('10104212181648',257),('10104212181648',258),('00010212181644',259),('00010212181644',260),('00010212181644',261),('00010212181644',262),('00010212181644',263),('00102212181649',264),('00102212181649',265),('00102212181649',266),('00102212181649',267),('19511212181650',268),('19511212181650',269),('19511212181650',270),('19511212181650',271),('19511212181650',272),('10011212181651',273),('10011212181651',274),('10011212181651',275),('10011212181651',276),('10011212181651',277),('19901212181652',278),('19901212181652',279),('19901212181652',280),('19901212181652',281),('19901212181652',282),('19901212181652',283),('19901212181652',284),('10003212181653',285),('10003212181653',286),('10003212181653',287),('10003212181653',288),('10003212181653',289),('19510212171558',290),('19510212171558',291),('19510212171558',292),('19510212171558',293),('00005212181691',294),('00005212181691',295),('00005212181691',296),('00005212181691',297),('00005212181691',298),('19801212181654',299),('19801212181654',300),('19801212181654',301),('19801212181654',302),('19801212181654',303),('00105212181655',304),('00105212181655',305),('00105212181655',306),('00105212181655',307),('00105212181655',308),('10106212181656',309),('10106212181656',310),('10106212181656',311),('10106212181656',312),('10106212181656',313),('10102212181657',314),('10102212181657',315),('10102212181657',316),('10102212181657',317),('19708212181693',318),('19708212181693',319),('19708212181693',320),('19708212181693',321),('19708212181693',322),('00104212181658',323),('00104212181658',324),('00104212181658',325),('00104212181658',326),('00104212181658',327),('10012212181659',328),('10012212181659',329),('10012212181659',330),('10012212181659',331),('10012212181659',332),('00011212181661',333),('00011212181661',334),('00011212181661',335),('00011212181661',336),('10002212181706',337),('10002212181706',338),('10002212181706',339),('10002212181706',340),('10002212181706',341),('10010212181663',342),('10010212181663',343),('10010212181663',344),('10010212181663',345),('10010212181663',346),('19907212181664',347),('19907212181664',348),('19907212181664',349),('19907212181664',350),('10009212181665',351),('10009212181665',352),('10009212181665',353),('10009212181665',354),('10009212181665',355),('19908212181666',356),('19908212181666',357),('19908212181666',358),('19908212181666',359),('19908212181666',360),('00010212181667',361),('00010212181667',362),('00010212181667',363),('00010212181667',364),('00010212181667',365),('10001212181668',366),('10001212181668',367),('10001212181668',368),('10001212181668',369),('10001212181668',370),('19803212181670',371),('19803212181670',372),('19803212181670',373),('19803212181670',374),('19803212181670',375),('00011212181671',376),('00011212181671',377),('00011212181671',378),('00011212181671',379),('00011212181671',380),('09909212181690',383),('09909212181690',384),('09909212181690',385),('09909212181690',386),('00101212181672',387),('00101212181672',388),('00101212181672',389),('00101212181672',390),('00101212181672',391),('10105212181673',392),('10105212181673',393),('10105212181673',394),('10105212181673',395),('10105212181673',396),('10005212181697',397),('10005212181697',398),('10005212181697',399),('10005212181697',400),('10005212181697',401),('10112212181700',402),('10112212181700',403),('10112212181700',404),('10112212181700',405),('10112212181700',406),('09508212181674',407),('09508212181674',408),('09508212181674',409),('09508212181674',410),('09508212181674',411),('00010212181675',412),('00010212181675',413),('00010212181675',414),('00010212181675',415),('00010212181675',416),('10003212181676',417),('10003212181676',418),('10003212181676',419),('10003212181676',420),('10003212181676',421),('09901212181705',422),('09901212181705',423),('09901212181705',424),('09901212181705',425),('09901212181705',426),('00006212181677',427),('00006212181677',428),('00006212181677',429),('00006212181677',430),('00006212181677',431),('00006212181708',432),('00006212181708',433),('00006212181708',434),('00006212181708',435),('00006212181708',436),('10104212181696',437),('10104212181696',438),('10104212181696',439),('10104212181696',440),('10104212181696',441),('00003212181707',442),('00003212181707',443),('00003212181707',444),('00003212181707',445),('00003212181707',446),('10102212181678',447),('10102212181678',448),('10102212181678',449),('10102212181678',450),('10102212181678',451),('10101212181679',452),('10101212181679',453),('10101212181679',454),('10101212181679',455),('10101212181679',456),('10104212181680',457),('10104212181680',458),('10104212181680',459),('10104212181680',460),('10104212181680',461),('19911212181681',462),('19911212181681',463),('19911212181681',464),('19911212181681',465),('19911212181681',466),('10012212181682',467),('10012212181682',468),('10012212181682',469),('10012212181682',470),('10012212181682',471),('10004212181683',472),('10004212181683',473),('10004212181683',474),('10004212181683',475),('10004212181683',476),('10001212181687',477),('10001212181687',478),('10001212181687',479),('10001212181687',480),('10001212181687',481);
/*!40000 ALTER TABLE `etudiant_document` ENABLE KEYS */;
UNLOCK TABLES;

--
-- Table structure for table `ficheinscription`
--

DROP TABLE IF EXISTS `ficheinscription`;
/*!40101 SET @saved_cs_client     = @@character_set_client */;
/*!40101 SET character_set_client = utf8 */;
CREATE TABLE `ficheinscription` (
  `id` int(11) NOT NULL AUTO_INCREMENT,
  `id_Etud` varchar(100) DEFAULT NULL,
  `date` varchar(45) DEFAULT NULL,
  PRIMARY KEY (`id`),
  KEY `id_Etud_idx` (`id_Etud`),
  CONSTRAINT `id_Etud` FOREIGN KEY (`id_Etud`) REFERENCES `etudiant` (`idEtudiant`) ON DELETE CASCADE ON UPDATE CASCADE
) ENGINE=InnoDB DEFAULT CHARSET=latin1;
/*!40101 SET character_set_client = @saved_cs_client */;

--
-- Dumping data for table `ficheinscription`
--

LOCK TABLES `ficheinscription` WRITE;
/*!40000 ALTER TABLE `ficheinscription` DISABLE KEYS */;
/*!40000 ALTER TABLE `ficheinscription` ENABLE KEYS */;
UNLOCK TABLES;

--
-- Table structure for table `filiere`
--

DROP TABLE IF EXISTS `filiere`;
/*!40101 SET @saved_cs_client     = @@character_set_client */;
/*!40101 SET character_set_client = utf8 */;
CREATE TABLE `filiere` (
  `id` int(11) NOT NULL AUTO_INCREMENT,
  `filiere` varchar(150) DEFAULT NULL,
  `brief` varchar(45) DEFAULT NULL,
  PRIMARY KEY (`id`)
) ENGINE=InnoDB AUTO_INCREMENT=5 DEFAULT CHARSET=latin1;
/*!40101 SET character_set_client = @saved_cs_client */;

--
-- Dumping data for table `filiere`
--

LOCK TABLES `filiere` WRITE;
/*!40000 ALTER TABLE `filiere` DISABLE KEYS */;
INSERT INTO `filiere` VALUES (1,'Ingnierie Logicielle','IL'),(3,'Ingnierie des Systmes Distribus','ISD'),(4,'Ingnierie des Systmes d\'Information','ISI');
/*!40000 ALTER TABLE `filiere` ENABLE KEYS */;
UNLOCK TABLES;

--
-- Table structure for table `groupe`
--

DROP TABLE IF EXISTS `groupe`;
/*!40101 SET @saved_cs_client     = @@character_set_client */;
/*!40101 SET character_set_client = utf8 */;
CREATE TABLE `groupe` (
  `idGroupe` int(11) NOT NULL AUTO_INCREMENT,
  `groupe` varchar(45) DEFAULT NULL,
  PRIMARY KEY (`idGroupe`)
) ENGINE=InnoDB AUTO_INCREMENT=23 DEFAULT CHARSET=latin1;
/*!40101 SET character_set_client = @saved_cs_client */;

--
-- Dumping data for table `groupe`
--

LOCK TABLES `groupe` WRITE;
/*!40000 ALTER TABLE `groupe` DISABLE KEYS */;
INSERT INTO `groupe` VALUES (19,'A'),(20,'B'),(21,'C'),(22,'D');
/*!40000 ALTER TABLE `groupe` ENABLE KEYS */;
UNLOCK TABLES;

--
-- Table structure for table `lettrerecommandation`
--

DROP TABLE IF EXISTS `lettrerecommandation`;
/*!40101 SET @saved_cs_client     = @@character_set_client */;
/*!40101 SET character_set_client = utf8 */;
CREATE TABLE `lettrerecommandation` (
  `id` int(11) NOT NULL AUTO_INCREMENT,
  `id_Etu` varchar(100) DEFAULT NULL,
  `id_Ann` int(11) DEFAULT NULL,
  `date` varchar(45) DEFAULT NULL,
  `dureestage` varchar(45) DEFAULT NULL,
  `nomEntreprise` varchar(45) DEFAULT NULL,
  `assurence` varchar(100) DEFAULT NULL,
  PRIMARY KEY (`id`),
  KEY `id_Etu_idx` (`id_Etu`),
  KEY `id_Ann_idx` (`id_Ann`),
  CONSTRAINT `id_Ann` FOREIGN KEY (`id_Ann`) REFERENCES `annee` (`id`) ON DELETE CASCADE ON UPDATE CASCADE,
  CONSTRAINT `id_Etu` FOREIGN KEY (`id_Etu`) REFERENCES `etudiant` (`idEtudiant`) ON DELETE CASCADE ON UPDATE CASCADE
) ENGINE=InnoDB DEFAULT CHARSET=latin1;
/*!40101 SET character_set_client = @saved_cs_client */;

--
-- Dumping data for table `lettrerecommandation`
--

LOCK TABLES `lettrerecommandation` WRITE;
/*!40000 ALTER TABLE `lettrerecommandation` DISABLE KEYS */;
/*!40000 ALTER TABLE `lettrerecommandation` ENABLE KEYS */;
UNLOCK TABLES;

--
-- Table structure for table `matiere`
--

DROP TABLE IF EXISTS `matiere`;
/*!40101 SET @saved_cs_client     = @@character_set_client */;
/*!40101 SET character_set_client = utf8 */;
CREATE TABLE `matiere` (
  `id` int(11) NOT NULL AUTO_INCREMENT,
  `nom` varchar(100) DEFAULT NULL,
  `id_Filiere` int(11) DEFAULT NULL,
  `id_Niveau` int(11) DEFAULT NULL,
  PRIMARY KEY (`id`),
  KEY `fkfil` (`id_Filiere`),
  KEY `fkniv` (`id_Niveau`),
  CONSTRAINT `fkfil` FOREIGN KEY (`id_Filiere`) REFERENCES `filiere` (`id`) ON DELETE NO ACTION ON UPDATE NO ACTION,
  CONSTRAINT `fkniv` FOREIGN KEY (`id_Niveau`) REFERENCES `niveau` (`idNiveau`) ON DELETE NO ACTION ON UPDATE NO ACTION
) ENGINE=InnoDB AUTO_INCREMENT=122 DEFAULT CHARSET=latin1;
/*!40101 SET character_set_client = @saved_cs_client */;

--
-- Dumping data for table `matiere`
--

LOCK TABLES `matiere` WRITE;
/*!40000 ALTER TABLE `matiere` DISABLE KEYS */;
INSERT INTO `matiere` VALUES (12,'Algo II',1,77),(16,'Structure de donnes II',1,78),(17,'Programmation structure en C++ I',1,78),(18,'Langage VB I',1,78),(19,'Introduction aux Systmes Embarqus',1,78),(20,'Traitement Numrique du signal',1,78),(21,'Mathmatiques/Analyse II',1,78),(22,'Statistique Infrentielle I',1,78),(23,'Comptabilit Analytique',1,78),(24,'TEC III',1,78),(25,'Anglais III',1,78),(26,'Structure de donnes I',1,78),(27,'Programmation structure en C++ II',1,78),(28,'Langage VB II',1,78),(30,'Programmation Python sous Unix',1,78),(31,'Analyse Numrique',1,78),(32,'Statistique Infrentielle II',1,78),(33,'Base de donnes I',1,78),(34,'TEC IV',1,78),(35,'Anglais IV',1,78),(37,'Programmation C I',1,77),(38,'Architecture des ordinateurs I',1,77),(39,'Electronique numrique I',1,77),(40,'Comptabilit Gnrale',1,77),(42,'Statistiques Descriptives',1,77),(43,'TEC I',1,77),(44,'Anglais I',1,77),(45,'Algo I',1,77),(46,'Programmation C II',1,77),(49,'Mathmatiques/Algbre',1,77),(50,'Electronique Numrique II',1,77),(51,'TEC II',1,77),(52,'Anglais II',1,77),(54,'Programmation Oriente Objet en JAVA',1,79),(56,'Systmes d\'information',1,79),(57,'Recherche Oprationnelle ',1,79),(58,'Analyse de Donnes I',1,79),(59,'Analyse Numrique II',1,79),(60,'Compilation I',1,79),(61,'Communication Professionnelle - TEC',1,79),(66,'Analyse de donnes II',1,79),(68,'Compilation II',1,79),(69,'Administration Unix',1,79),(70,'Dveloppement Web',1,79),(71,'Ingnierie de l\'Objet et Design Patterns',4,80),(72,'Ingnierie du Web et Technologie XML',4,80),(73,'Gnie Logiciel',4,80),(78,'Architecture JEE',4,80),(79,'Scurit des Systmes d\'Information',4,80),(80,'Mthodologie de projets',4,80),(81,'Projet Tuteur',4,80),(82,'Ingnierie de l\'Objet et Design Patterns',4,80),(85,'Data Mining',4,80),(86,'Administration et Interconnexion des Rseaux',4,80),(87,'Franais',4,80),(89,'Architecture des Applications Distribues',4,80),(90,'Oracle',4,80),(93,'Systmes d\'Information Avancs et Workflow',4,81),(94,'Systmes d\'Information Gographique',4,81),(96,'Big Data et Data Analysis',4,81),(97,'Gestion de l\'Entreprise',4,81),(100,'Scurit des systmes d\'information',4,81),(105,'Mathmatiques/Analyse',1,77),(106,'Programmation Assembleur',1,77),(107,'Electronique Numrique I',1,77),(108,'Bureautique',1,77),(109,'Base de donnes II',1,78),(110,'Langage C#',1,79),(111,'Rseaux',1,79),(112,'UML',1,79),(113,'Prparation Stage',1,79),(114,'Business Intelligence',1,79),(115,'CCNA 1/2',1,79),(116,'Langage R',1,79),(117,'Anglais',1,79),(118,'Anglais',4,80),(119,'Technologie .NET',4,80),(120,'Programmation sur Mobile',4,80),(121,'Data Warehouse',4,80);
/*!40000 ALTER TABLE `matiere` ENABLE KEYS */;
UNLOCK TABLES;

--
-- Table structure for table `nationalite`
--

DROP TABLE IF EXISTS `nationalite`;
/*!40101 SET @saved_cs_client     = @@character_set_client */;
/*!40101 SET character_set_client = utf8 */;
CREATE TABLE `nationalite` (
  `id` int(11) NOT NULL AUTO_INCREMENT,
  `code` int(11) DEFAULT NULL,
  `nom` varchar(45) DEFAULT NULL,
  PRIMARY KEY (`id`)
) ENGINE=InnoDB AUTO_INCREMENT=105 DEFAULT CHARSET=latin1;
/*!40101 SET character_set_client = @saved_cs_client */;

--
-- Dumping data for table `nationalite`
--

LOCK TABLES `nationalite` WRITE;
/*!40000 ALTER TABLE `nationalite` DISABLE KEYS */;
INSERT INTO `nationalite` VALUES (1,93,'Afghanistan'),(2,27,'Afrique du Sud'),(3,355,'Albanie'),(4,213,'Algrie'),(5,49,'Allemagne'),(6,376,'Andorre'),(7,244,'Angola'),(8,966,'Arabie saoudite'),(9,43,'Autriche'),(10,242,'Bahamas'),(11,32,'Belgique'),(12,387,'Bosnie-Herzgovine'),(13,267,'Botswana'),(14,359,'Bulgarie'),(15,226,'Burkina Faso'),(16,229,'Bnin'),(17,237,'Cameroun'),(18,1,'Canada'),(19,238,'Cap-Vert'),(20,385,'Croatie'),(21,225,'Cte d\'Ivoire'),(22,45,'Danemark'),(23,767,'Dominique'),(24,34,'Espagne'),(25,372,'Estonie'),(26,358,'Finlande'),(27,33,'France'),(28,241,'Gabon'),(29,220,'Gambie'),(30,233,'Ghana'),(31,350,'Gibraltar'),(32,30,'Grce'),(33,671,'Guam'),(34,224,'Guine'),(35,240,'Guine quatoriale'),(36,245,'Guine-Bissau'),(37,91,'Inde'),(38,964,'Irak'),(39,35,'Irlande'),(40,354,'Islande'),(41,39,'Italie'),(42,876,'Jamaque'),(43,962,'Jordanie'),(44,254,'Kenya'),(45,965,'Kowet'),(46,266,'Lesotho'),(47,961,'Liban'),(48,231,'Liberia'),(49,218,'Libye'),(50,352,'Luxembourg'),(51,265,'Malawi'),(52,223,'Mali'),(53,212,'Maroc'),(54,230,'Maurice'),(55,222,'Mauritanie'),(56,377,'Monaco'),(57,382,'Montngro'),(58,258,'Mozambique'),(59,264,'Namibie'),(60,227,'Niger'),(61,234,'Nigeria'),(62,47,'Norvge'),(63,968,'Oman'),(64,256,'Ouganda'),(65,92,'Pakistan'),(66,970,'Palestine'),(67,31,'Pays-Bas'),(68,48,'Pologne'),(69,99,'Porto Rico'),(70,351,'Portugal'),(71,40,'Roumanie'),(72,44,'Royaume-Uni'),(73,250,'Rwanda'),(74,236,'Rpublique Centrafricaine'),(75,243,'Rpublique Dmocratique du Congo'),(76,809,'Rpublique dominicaine'),(77,242,'Rpublique du Congo'),(78,420,'Rpublique tchque'),(79,721,'Saint-Martin'),(80,758,'Sainte-Lucie'),(81,684,'Samoa amricaines'),(82,239,'Sao Tom-et-Principe'),(83,381,'Serbie'),(84,232,'Sierra Leone'),(85,421,'Slovaquie'),(86,386,'Slovnie'),(87,211,'Soudan'),(88,249,'Soudan'),(89,46,'Sude'),(90,96,'Syrie'),(91,221,'Sngal'),(92,255,'Tanzanie'),(93,235,'Tchad'),(94,228,'Togo'),(95,868,'Trinit-et-Tobago '),(96,216,'Tunisie'),(97,380,'Ukraine'),(98,967,'Ymen'),(99,260,'Zambie'),(100,263,'Zimbabwe'),(101,20,'gypte'),(102,971,'mirats arabes unis'),(103,1,'tats-Unis'),(104,251,'thiopie');
/*!40000 ALTER TABLE `nationalite` ENABLE KEYS */;
UNLOCK TABLES;

--
-- Table structure for table `news`
--

DROP TABLE IF EXISTS `news`;
/*!40101 SET @saved_cs_client     = @@character_set_client */;
/*!40101 SET character_set_client = utf8 */;
CREATE TABLE `news` (
  `id` int(11) NOT NULL AUTO_INCREMENT,
  `title` text,
  `content` text,
  `filePath` text,
  `postDate` date DEFAULT NULL,
  PRIMARY KEY (`id`)
) ENGINE=InnoDB AUTO_INCREMENT=24 DEFAULT CHARSET=latin1;
/*!40101 SET character_set_client = @saved_cs_client */;

--
-- Dumping data for table `news`
--

LOCK TABLES `news` WRITE;
/*!40000 ALTER TABLE `news` DISABLE KEYS */;
INSERT INTO `news` VALUES (13,'X gona give it to ya','boiiii','newsFiles/bfHpGlkEp6zv5eke2l8TQavxgXvXstImTAoRR1m2.jpeg','2019-05-03'),(14,'Big Bang','Bang Bang Bang','newsFiles/dVGrudV7w9mvRLyp8zD5EqE0DNleGm7X9DtE7hYQ.mpga','2019-05-03'),(15,'SOLO','Lorem ipsum dolor sit amet, consectetur adipisicing elit, sed do eiusmod\ntempor incididunt ut labore et dolore magna aliqua. Ut enim ad minim veniam,\nquis nostrud exercitation ullamco laboris nisi ut aliquip ex ea commodo\nconsequat. Duis aute irure dolor in reprehenderit in voluptate velit esse\ncillum dolore eu fugiat nulla pariatur. Excepteur sint occaecat cupidatat non\nproident, sunt in culpa qui officia deserunt mollit anim id est laborum.','newsFiles/vWWBJMUdvgRIsndsyfh381SplfQ4ZzXf6YUrgsRq.pdf','2019-05-03'),(16,'10 Things They won\'t teach you at ESISA (Clickbait)','sit amet, consectetur adipisicing elit, sed do eiusmod\ntempor incididunt ut labore et dolore magna aliqua. Ut enim ad minim veniam,\nquis nostrud exercitation ullamco id est laborum.tempor incididunt ut labore et dolore magna aliqua. Ut enim ad minim veniam,\nquis nostrud exercitation ullamco laboris nisi ut aliquip ex ea commodo\nconsequat. Duis aute irure dolor in reprehenderit in voluptate velit esse\ncillum dolore eu fugiat nulla pariatur. Excepteur sint occaecat cupidatat non\nproident, sunt in culpa qui officia deserunt mollit anim id est laborum.','newsFiles/T5SWmJcVBVlVNnwjN3bGjHVGd20nMuejdcDMiOEY.txt','2019-05-03'),(17,'You won\'t believe what happend to school ( SHOCKING !!!)','Lorem ipsum dolor sit amet, consectetur adipisicing elit, sed do eiusmod\ntempor incididunt ut labore et dolore magna aliqua. Ut enim ad minim veniam,\nquis nostrud exercitation ullamco laboris nisi ut aliquip ex ea commodo\nconsequat. Duis aute irure dolor in reprehenderit in voluptate velit esse\ncillum dolore eu fugiat nulla pariatur. Excepteur sint occaecat cupidatat.','newsFiles/ShoXDSu0y5x1P1xUOI9Gcg3MBhjfSZfbcdnntxX0.png','2019-05-03'),(18,'OKEY DOCKEY','Yo I wan\'t some cheese cake !','newsFiles/JrFObzEsuTEpxevhPG9DE7YXuVVVWkB2fmBfhtSK.rar','2019-05-03'),(19,'The rude Sandstorm','DUDU-DUDU DUDU-DUDU DUDU-DU DUDUDUDUDU-DUDU','newsFiles/MkZNyxpBvzY6e9glYrdHlkMl7Agtx700TCJz9TvI.mp4','2019-05-03'),(20,'Captain Teemo on duty','Size doesn\'t mean everything.','newsFiles/PBCm0qtgrkUqVzZiRbl0Ug6MEp9wUeHNuBiPb9mq.doc','2019-05-03'),(21,'Hasagi!','Death is like the wind - always by my side.','newsFiles/L2Y00RnN9EINJwdSeljvtPQIZBzW1OOH0s9YdkTO.pptx','2019-05-03'),(23,'titre1','drftygubhiu','newsFiles/skwhkEQKKbZCNAhv27HBUNh88PCXAEQ7LL749xNx.jpeg','2019-05-03');
/*!40000 ALTER TABLE `news` ENABLE KEYS */;
UNLOCK TABLES;

--
-- Table structure for table `niveau`
--

DROP TABLE IF EXISTS `niveau`;
/*!40101 SET @saved_cs_client     = @@character_set_client */;
/*!40101 SET character_set_client = utf8 */;
CREATE TABLE `niveau` (
  `idNiveau` int(11) NOT NULL AUTO_INCREMENT,
  `niveau` varchar(150) DEFAULT NULL,
  `idAnnee` int(11) DEFAULT NULL,
  PRIMARY KEY (`idNiveau`),
  KEY `FKC1B3E35E990130AA` (`idAnnee`),
  CONSTRAINT `FKC1B3E35E990130AA` FOREIGN KEY (`idAnnee`) REFERENCES `annee` (`id`),
  CONSTRAINT `FK_annee` FOREIGN KEY (`idAnnee`) REFERENCES `annee` (`id`)
) ENGINE=InnoDB AUTO_INCREMENT=87 DEFAULT CHARSET=latin1;
/*!40101 SET character_set_client = @saved_cs_client */;

--
-- Dumping data for table `niveau`
--

LOCK TABLES `niveau` WRITE;
/*!40000 ALTER TABLE `niveau` DISABLE KEYS */;
INSERT INTO `niveau` VALUES (1,'1re Anne',1),(2,'2me Anne',1),(3,'3me Anne',1),(4,'4me Anne',1),(5,'1re Anne',2),(6,'2me Anne',2),(7,'3me Anne',2),(8,'4me Anne',2),(9,'1re Anne',3),(10,'2me Anne',3),(11,'3me Anne',3),(12,'4me Anne',3),(13,'1re Anne',4),(14,'2me Anne',4),(15,'3me Anne',4),(16,'4me Anne',4),(17,'1re Anne',5),(18,'2me Anne',5),(19,'3me Anne',5),(20,'4me Anne',5),(21,'1re Anne',6),(22,'2me Anne',6),(23,'3me Anne',6),(24,'4me Anne',6),(25,'1re Anne',7),(26,'2me Anne',7),(27,'3me Anne',7),(28,'4me Anne',7),(29,'1re Anne',8),(30,'2me Anne',8),(31,'3me Anne',8),(32,'4me Anne',8),(33,'1re Anne',9),(34,'2me Anne',9),(35,'3me Anne',9),(36,'4me Anne',9),(37,'1re Anne',10),(38,'2me Anne',10),(39,'3me Anne',10),(40,'4me Anne',10),(41,'1re Anne',11),(42,'2me Anne',11),(43,'3me Anne',11),(44,'4me Anne',11),(45,'1re Anne',12),(46,'2me Anne',12),(47,'3me Anne',12),(48,'4me Anne',12),(49,'1re Anne',13),(50,'2me Anne',13),(51,'3me Anne',13),(52,'4me Anne',13),(53,'1re Anne',14),(54,'2me Anne',14),(55,'3me Anne',14),(56,'4me Anne',14),(57,'1re Anne',15),(58,'2me Anne',15),(59,'3me Anne',15),(60,'4me Anne',15),(61,'1re Anne',16),(62,'2me Anne',16),(63,'3me Anne',16),(64,'4me Anne',16),(65,'1re Anne',17),(66,'2me Anne',17),(67,'3me Anne',17),(68,'4me Anne',17),(69,'1re Anne',18),(70,'2me Anne',18),(71,'3me Anne',18),(72,'4me Anne',18),(73,'1re Anne',19),(74,'2me Anne',19),(75,'3me Anne',19),(76,'4me Anne',19),(77,'1re Anne',20),(78,'2me Anne',20),(79,'3me Anne',20),(80,'4me Anne',20),(81,'5me Anne',20),(82,'1re Anne',21),(83,'2me Anne',21),(84,'3me Anne',21),(85,'4me Anne',21),(86,'5me Anne',21);
/*!40000 ALTER TABLE `niveau` ENABLE KEYS */;
UNLOCK TABLES;

--
-- Table structure for table `niveau_groupe`
--

DROP TABLE IF EXISTS `niveau_groupe`;
/*!40101 SET @saved_cs_client     = @@character_set_client */;
/*!40101 SET character_set_client = utf8 */;
CREATE TABLE `niveau_groupe` (
  `niveau_idNiveau` int(11) NOT NULL,
  `groupes_idGroupe` int(11) NOT NULL,
  PRIMARY KEY (`niveau_idNiveau`,`groupes_idGroupe`),
  KEY `fk_niv` (`niveau_idNiveau`),
  KEY `fk_gr` (`groupes_idGroupe`),
  CONSTRAINT `groupes_idGroupe` FOREIGN KEY (`groupes_idGroupe`) REFERENCES `groupe` (`idGroupe`) ON DELETE NO ACTION ON UPDATE NO ACTION,
  CONSTRAINT `niveau_idNiveau` FOREIGN KEY (`niveau_idNiveau`) REFERENCES `niveau` (`idNiveau`) ON DELETE NO ACTION ON UPDATE NO ACTION
) ENGINE=InnoDB DEFAULT CHARSET=latin1;
/*!40101 SET character_set_client = @saved_cs_client */;

--
-- Dumping data for table `niveau_groupe`
--

LOCK TABLES `niveau_groupe` WRITE;
/*!40000 ALTER TABLE `niveau_groupe` DISABLE KEYS */;
INSERT INTO `niveau_groupe` VALUES (1,19),(1,20),(1,21),(1,22),(2,19),(2,20),(2,21),(2,22),(3,19),(3,20),(3,21),(3,22),(4,19),(4,20),(4,21),(4,22),(5,19),(5,20),(5,21),(5,22),(6,19),(6,20),(6,21),(6,22),(7,19),(7,20),(7,21),(7,22),(8,19),(8,20),(8,21),(8,22),(9,19),(9,20),(9,21),(9,22),(10,19),(10,20),(10,21),(10,22),(11,19),(11,20),(11,21),(11,22),(12,19),(12,20),(12,21),(12,22),(13,19),(13,20),(13,21),(13,22),(14,19),(14,20),(14,21),(14,22),(15,19),(15,20),(15,21),(15,22),(16,19),(16,20),(16,21),(16,22),(17,19),(17,20),(17,21),(17,22),(18,19),(18,20),(18,21),(18,22),(19,19),(19,20),(19,21),(19,22),(20,19),(20,20),(20,21),(20,22),(21,19),(21,20),(21,21),(21,22),(22,19),(22,20),(22,21),(22,22),(23,19),(23,20),(23,21),(23,22),(24,19),(24,20),(24,21),(24,22),(25,19),(25,20),(25,21),(25,22),(26,19),(26,20),(26,21),(26,22),(27,19),(27,20),(27,21),(27,22),(28,19),(28,20),(28,21),(28,22),(29,19),(29,20),(29,21),(29,22),(30,19),(30,20),(30,21),(30,22),(31,19),(31,20),(31,21),(31,22),(32,19),(32,20),(32,21),(32,22),(33,19),(33,20),(33,21),(33,22),(34,19),(34,20),(34,21),(34,22),(35,19),(35,20),(35,21),(35,22),(36,19),(36,20),(36,21),(36,22),(37,19),(37,20),(37,21),(37,22),(38,19),(38,20),(38,21),(38,22),(39,19),(39,20),(39,21),(39,22),(40,19),(40,20),(40,21),(40,22),(41,19),(41,20),(41,21),(41,22),(42,19),(42,20),(42,21),(42,22),(43,19),(43,20),(43,21),(43,22),(44,19),(44,20),(44,21),(44,22),(45,19),(45,20),(45,21),(45,22),(46,19),(46,20),(46,21),(46,22),(47,19),(47,20),(47,21),(47,22),(48,19),(48,20),(48,21),(48,22),(49,19),(49,20),(49,21),(49,22),(50,19),(50,20),(50,21),(50,22),(51,19),(51,20),(51,21),(51,22),(52,19),(52,20),(52,21),(52,22),(53,19),(53,20),(53,21),(53,22),(54,19),(54,20),(54,21),(54,22),(55,19),(55,20),(55,21),(55,22),(56,19),(56,20),(56,21),(56,22),(57,19),(57,20),(57,21),(57,22),(58,19),(58,20),(58,21),(58,22),(59,19),(59,20),(59,21),(59,22),(60,19),(60,20),(60,21),(60,22),(61,19),(61,20),(61,21),(61,22),(62,19),(62,20),(62,21),(62,22),(63,19),(63,20),(63,21),(63,22),(64,19),(64,20),(64,21),(64,22),(65,19),(65,20),(65,21),(65,22),(66,19),(66,20),(66,21),(66,22),(67,19),(67,20),(67,21),(67,22),(68,19),(68,20),(68,21),(68,22),(69,19),(69,20),(69,21),(69,22),(70,19),(70,20),(70,21),(70,22),(71,19),(71,20),(71,21),(71,22),(72,19),(72,20),(72,21),(72,22),(73,19),(73,20),(73,21),(73,22),(74,19),(74,20),(74,21),(74,22),(75,19),(75,20),(75,21),(75,22),(76,19),(76,20),(76,21),(76,22),(77,19),(77,20),(77,21),(77,22),(78,19),(78,20),(78,21),(78,22),(79,19),(79,20),(79,21),(79,22),(80,19),(80,20),(80,21),(80,22),(81,19),(81,20),(81,21),(81,22),(82,19),(82,20),(82,21),(82,22),(83,19),(83,20),(83,21),(83,22),(84,19),(84,20),(84,21),(84,22),(85,19),(85,20),(85,21),(85,22),(86,19),(86,20),(86,21),(86,22);
/*!40000 ALTER TABLE `niveau_groupe` ENABLE KEYS */;
UNLOCK TABLES;

--
-- Table structure for table `parentinfo`
--

DROP TABLE IF EXISTS `parentinfo`;
/*!40101 SET @saved_cs_client     = @@character_set_client */;
/*!40101 SET character_set_client = utf8 */;
CREATE TABLE `parentinfo` (
  `id` int(11) NOT NULL AUTO_INCREMENT,
  `adresse` varchar(250) DEFAULT NULL,
  `professionPere` varchar(45) DEFAULT NULL,
  `professionMere` varchar(45) DEFAULT NULL,
  `emailPere` varchar(45) DEFAULT NULL,
  `telephonePere` varchar(45) DEFAULT NULL,
  `telephoneMere` varchar(45) DEFAULT NULL,
  `telephoneDomicile` varchar(45) DEFAULT NULL,
  PRIMARY KEY (`id`)
) ENGINE=InnoDB AUTO_INCREMENT=299 DEFAULT CHARSET=latin1;
/*!40101 SET character_set_client = @saved_cs_client */;

--
-- Dumping data for table `parentinfo`
--

LOCK TABLES `parentinfo` WRITE;
/*!40000 ALTER TABLE `parentinfo` DISABLE KEYS */;
INSERT INTO `parentinfo` VALUES (1,'rce hassania n 243 appart 2 av karaouienne narjis B fes','Fonctionnaire','Fonctionnaire','','0662020427','0672991929',''),(2,'42 hay mohamadi tghat fes','Retrait','Femme au foyer','','0654210944','','0636618878'),(3,'n37 appart 11 lots fadila 1 rte ain chkef fes','Technicien ','couturier','','0661289623','0660767670','0675501126'),(4,'boulevard regada imouzar kandar sefrou','Fonctionnaire','Femme au foyer','','0672382734','0622036745',''),(5,'Hay hibri immouzer kandar sefrou','Inspecteur','Femme au foyer','','0651705868','','0535664895'),(6,'161 lot bennis hay erraha avenue ibn attir fes','Autre','Professeur, professions scientifiques','','0652068614','0642095973','0535691999'),(7,'av manama 5 ruelome zohour I fes','Entrepreneur','Femme au foyer','','0661216577','','0535960869'),(8,'10 rce yassine appart 10 rue med ghazi vn fes','','','','0661724185','','0535652826'),(9,'villa54 av nacer hay riad rte ain smen fes','Retrait','Femme au foyer','','0667791850','0670885412','0535601664'),(10,'n32 rue yasmine narjiss A fes','Commerant et assimils','Professeur, professions scientifiques','','0600491972','0766719492','0535736943'),(11,'n20 rue oued abi rakrak narjiss c fes','Autre','Professeur, professions scientifiques','belayachimo6@gmail.com','0660681107','0660450589','0535613937'),(12,'14 lot neggaz appart 2 rce fatima zahrae rte imouzer fes','Employ','Femme au foyer','','0661137368','0661154562','0661750117'),(13,'n 10 rue gouatimala av abi houraira zohour 1 fes','','','','0661581018','0668475971','0535607338'),(14,'1 rue alexandrie rte imouzer fes','','','','0666037551','0619545434','0535607611'),(15,'lots najib n 2 rteain smen fes','Commerant et assimils','Femme au foyer','','06 61 35 61 82','06 62 57 01 01','05 35 65 00 31'),(16,'Appart 7 imm 54 lots oliveraie G doha rte ain chkef fes','Professeur, professions scientifiques','Professeur, professions scientifiques','','','0660041496','0535691210'),(17,'13 rue zerhoun av challa rte imouzer fes','','','','0661501394','0649954192',''),(18,'n 805 lot el mansour meknes','','','','0665637155','0674380710','0535459662'),(19,'log eaux et forts guercif','Ingnieur et cadre techniques d?entreprise','Professeur, professions scientifiques','','0610089064','0604988758','0535676738'),(20,'hay el mostachfa ribat el kheir sefrou','','','','0679497990','','0535696865'),(21,'rue Abou ishak n20 hay badr fes','Autre','Autre','','0674101396','0664611045',''),(22,'n7 av ariha lot ouafae rte sefrou fes','Fonctionnaire','Fonctionnaire','','0616798712','0643415646','0535616584'),(23,'237 lots tghat 2 tghat fes','Artisan','Femme au foyer','mohammedfilali1959@gmail.com','0666516980','0651731814',''),(24,'n 100 bis hay mly lamine tghat fes','Commerant et assimils','Autre','','0619676620','0663633198','0535647208'),(25,'98 lot zineb I dokkarat fes','Professeur, professions scientifiques','Professeur, professions scientifiques','','','0697895884',''),(26,'n 8 lots zineb rte el menzel sefrou','','','','0666911664(0700025805)','0668509776','0535661210'),(27,'143 al inbiaat 2 meknes','','','','0613504032','0653618016','0535464232'),(28,'11 rue chakib arsalane appart 7 vn fes','Autre','Fonctionnaire','','0661076208','0661602516','0535942782'),(29,'villa n 26 rue zoubir ibnou elaouam cite prince heritier fes','dlgu mdical','Notaire','','0661174263','0661562281','0535642961'),(30,'rue 3 n 26 hay saada fes','Commerant et assimils','Professeur, professions scientifiques','','','0665631453','0664721869(T)'),(31,'massira 1 bloc 12 n 18 taza','','','','0662345017','0664790409','0535210026'),(32,'45 hay salam rte boukraiz fes','Commerant et assimils','Professeur, professions scientifiques','','0635352980','0664282403','05355612878'),(33,'rce hind n 160hay ouafae 1 rte de sefrou fes','','','','0610837326','0615246748','0535767959'),(34,'avenue omar ben abdelaziz centre artisanal larache','','','','0661644889','0670888924',''),(35,'douar taliat ait yahya ou alla tigrigra','Fonctionnaire','Commerant et assimils','elabdihachem@yahoo.fr','0619344440','','0535433869'),(36,'rue 2 imm D4 appart 2 hay zaza rte ain chkef fes','','','','','0679747854','0535968031'),(37,'13 rue el aklak tarik 2 fes','Entrepreneur','Femme au foyer','amrani-fath@hotmail.fr','0654601056','0670190914','0535611699'),(38,'n 284 rce ouissal av amal hay ouafae 2 rte sefrou fes','Enseignant','Enseignant','hamidelaouni012@gmail.com','0664300586','066446942','0535619663'),(39,'rue abou ishak n 4 hay badr fes','','','','0661706241','0634153344',''),(40,'n 53 etage 1 lots asmae rte ain chkef fes','','','','','0641211048','0535611654'),(41,'n 104 avenue manama zohour1 fes','Employ','Femme au foyer','elmiloudia11@gmail.com','0667085355','0645096630','0535731416'),(42,'Rue oued sebou rce fadila appart 7 narjis c fes','Commerant et assimils','Femme au foyer','','0668159587','0663890802','0535617245'),(43,'108 av nobel narjiss B fes','Professeur, professions scientifiques','Femme au foyer','','0661776623','0651113634','0535766902'),(44,'av el fidae ain mrabta taounate','Autre','Professeur, professions scientifiques','','0665254000','0679350104','0535627504'),(45,'rce qods bloc 11 imm 6 route imouzzer fes','Fonctionnaire','Femme au foyer','','0665645066','0663183445',''),(46,'256  rue 18 Q4 lots hadika tghat fes ','Professeur, professions scientifiques','Professeur, professions scientifiques','','0662761472','0679525429','0535702548'),(47,'Avenue hassan 2 quartier benzarane missour','','','','0661242122','0666021348','0535585149'),(48,'appart 6 imm 58 lots ennakhil zouagha fes','Professeur, professions scientifiques','Professeur, professions scientifiques','','0638962700','0675771077','0535602274'),(49,'douar beni boughmaren el gharbia ihaddaden nador','Fonctionnaire','Fonctionnaire','','0642360161','0619295274','0536337182'),(50,'n27 rue 10 av mer mort hay riyad narjiss fes','','','','','','0671986010'),(51,'av roi houssein rce fadl allah appart 12 etage2 rte d\'imouzzer fes','Autre','Femme au foyer','','0664299653','','0662159852'),(52,'','','','','0667618194 ','','06 61 61 35 86'),(53,'26 rue marmoucha appart 6 etage 3 atlas vn fes','','','','','0661796497','0535730313'),(54,'n39DB sidi safi bensafi am fes','','','','0677095747','0671027186','0623847894'),(55,'1 lot zineb1 DKT fes','','','','','',''),(56,'av lalla amina Q riad ifrane','Professeur, professions scientifiques','Femme au foyer','','0668860192','0618242536','0535567373'),(57,'16 rue tine 1 narjis B fes','','','','0661616234','0667177320','0535616173'),(58,'rue laimoune 2 n6 narjis B fes','','','','','0667711340',''),(59,'hay tamaninate haut el hajeb','','','','0624360340','0697883072','0535541135'),(60,'av ouafae II N28 rue barcelona rte sefrou fes','','','','0678858314','0639802326',''),(61,'80 rue marmoucha rce ibtissam appart 1 etg 01 vn fes','','','','0613582259','0651413879','0535642671'),(62,'49 rue senhaja apart6 hay farah av ibn athir fes','','','','0667825063','0671332711','0535627471'),(63,'n 24 lots asmae rte ain chkef fes','','','','','0642608102',''),(64,'3 rue jamil ben maamar rce zahrae fes','','','','0664609168','0652092268',''),(65,'lot adarissa appart 13 imm D6 rte ain chkef fes','','','','0663313290','','0535601153'),(66,'49 rue nakhil 1 narjiss B fes','','','','0615626944','','0535614353'),(67,'32 rue 1 lots d\'etat dhar lakhmiss fes','Commerant et assimils','Femme au foyer','','0661796210','',''),(68,'9 rue ahmed cherkaoui etage 1fes','','','','0665362791','0636327507','0535962883'),(69,'n10 hay riad rte ain smen fes','Commerant et assimils','Femme au foyer','','0663624650','0663735471','0535610805'),(70,'imm 72 rue 3 abdessalam amer appart 2 xhamps de course fes','','','','','0667251442','0535930948'),(71,'hay nahda1 oued amlil taza','','','','0658166938','0624052502','0535275478'),(72,'51 lots suprenord 3 hay azhar appart 3 av ibn khatib fes','','','','0625666559','0668634931','0535610978'),(73,'245 c lot riad yassmin rte ain chkef fes','','','','0663558472','','0535619857'),(74,'147 lots riad ennakhil rte d\'imouzer fes','','','','0661158091','0618320906','0535963964'),(75,'log institut des arts de l\'artisanat quartier industriel ouarzazate','','','','0661339359','0662085181','0524886142'),(76,'9 rue jaber ansari cite prince heritier fes','Agriculteur','Femme au foyer','','0661732120','0664357445','0535658440'),(77,'89 rce  hicham appart 3 ait skatou II VN fes','','','','0661265366','0622390103',''),(78,'N 292 hay el mohammadi tghat fes','','','','0611518221','0616605575','0535631806'),(79,'n 19 avenue zokak hay el kasba bhalil sefrou','Employ','Professeur, professions scientifiques','','0662198026','0651578195','0535092623'),(80,'208 rue saoussane hay zaza fes','Fonctionnaire','Femme au foyer','rahimohamed.zaza@gmail.com','0661316949','0682665596','0535962839'),(81,'595 lots tghat 2 tghat fes','Technicien ','Femme au foyer','','0610981822','0676460393',''),(82,'12 rue 9 bloc A hay oued fes fes','','','','0662829386','0652562270',''),(83,'479 Q2 rue 24 lots hadika tghat fes','','','','0619371696','0668754854','0535645944'),(84,'av ramallah n 16 etage 2 narjiss rte sefrou fes','Retrait','Femme au foyer','abadi.hg@gmail.com','0667185552','','0535619575'),(85,'1 rue abou ishak appart 2 hay badr fes','Retrait','Femme au foyer','tadlaouiyoussef26@gmail.com','0661813062','0661255036','0535967639'),(86,'135 lot bennis hay raha fes','','','','0666740369','0660627750','0535601854'),(87,'5 rue ourjouane appart 4 av ibn athir fes','','','','0661834898','','0535748362'),(88,'n 148 lot belveder vn sefrou','','','','0624057390','',''),(89,'11 av nasr lots riad rte ain smen fes','','','','0676873176','0777409398','0535611922'),(90,'n13 rue merida av riyad ouafae 02 rte sefrou fes','Autre','Autre','','0662406186','','0535619455'),(91,'HAY lotissement bouyablane ribat el kheir sefrou','Retrait','Femme au foyer','','0697997410','0655211701',''),(92,'rue 3 n1 cite hassan 2 khenifra','','','','0661461893','0661187138','0535384902'),(93,'34 lots yasmine appat 5 etage 2 route immouzer fes','','','','661210660','671668990',''),(94,'24 lot ibn khaldoun, av ibn khatib f','','','','661503405','661919616',''),(95,'n14rue anouar narjis A fes','','','','661552182','643032857','535733955'),(96,'av beyrouth rce ghita lycee ibn sinae zohour 2 fes ','','','','667669364','626147113','535962510'),(97,'10 rue ibn ishak hay saada fes','','','','661074343/0610081758','610841993','535749081'),(98,'hay hebri imouzzer kander sefrou','','','','672992214','',''),(99,'hay nahda tahla taza','','','','662762766','658318176',''),(100,'21apt 3 rue anaba rte ain chkef fes','','','','600131420','666426989','535610020'),(101,'15 rue sebta appart 4 hay farah fes','','','','661357873','667744142','535609584'),(102,'10 rue 14 hay oued fes fes','','','','658789513','','535702570'),(103,'3 hay chouhadae dhar merhraz fes','','','','663142298','674979765',''),(104,'9 rue 31 hay salam ain kadous fes','','','','535622027','','535646544'),(105,'','','','','','',''),(106,'imm C6 appart 10 hay adarissa 02 fes','','','','668688681','694854778','535605261'),(107,'rue al firae n7 hay amal champs de course fes','','','','663855437','620762573',''),(108,'15 avenue manama zohour 1 f','','','','535641039','667158802','535605705'),(109,'Av fes im halouat apart 3 taza','','','','661811800','671254338','535659356'),(110,'36 av saint lois hay saada 01 fes','','','','674096652','','535606661'),(111,'N03 villa riad khemisset','','','','','677394634','537550538'),(112,'n 15 rce youssef rue colorado hay ouafae 2 rte de sefrou fes','','','','616681678','672989673','535616737'),(113,'n 7 lot bel air 4?me ?tage appart 9 fes','','','','671789759','676090898','535942888'),(114,'n 21 rue jbel tghat narjis c fes','','','','660069662','','535617284'),(115,'rue imam ali imm 7 appart 8 l\'habitat DK fes','','','','','662113499','535625358'),(116,'Bd Abdelkhalek torres lot benkaddour n6 oujda','','','','','','624241214'),(117,'409 rue laimoun hay zaza fes','','','','665254927','67258856','535606316'),(118,'50 n 1 lot suoronord av ibn khatib fes','','','','674322119','693276852','535695260'),(119,'n 11 rue charif idrissi rue 30 fes','','','','665256368','667350905','535659686'),(120,'140 lots essalam residence el yossr rte sefrou fes','','','','650605744','631820403','611407090'),(121,'8 lots el aarssa rue sebta hay farah fes','','','','','655247759','535756624'),(122,'imm sentissi n 18 rif azli marrakech','','','','','662825375','524432158'),(123,'av el amal rce saada n124 hay wafae 2 fes','','','','676256319','670783407','535616368'),(124,'19 av sour zohour 1 fes','','','','666113182','641597982',''),(125,'imm 56 appart 5 lot touria rte ain chkef fes','','','','665358010','619328192',''),(126,'10 rue 19 hay benslimane dhare lakhmisse fes','','','','661377686','','612190185'),(127,'hay agla oued amlil taza','','','','668479804','641764156',''),(128,'94 rce khalil appart 6 ait skatou 2 VN fes','','','','620202088','660136548','535640831'),(129,'n 9 rue mouad ibn jabal bourammana fes','','','','661083115','','641703900'),(130,'71 B lots riad laymoune tghat fes','','','','630854369','690284162','535751916'),(131,'N46 rue 34 hay oued fes','','','','670036514','661986843','535702912'),(132,'219 lot tghat II rue 32 tghat fes','','','','611518233','651952083','535752435'),(133,'3 bis rue abi eddardare bourammana vn fes','','','','661455863','','535732993'),(134,'villa 24 rue abderrahmane bel korachi bouramana fes','','','','661205732','614457941',''),(135,'25 lots sepronord 3 av ibn khatib fes','','','','','661429609','661744325'),(136,'n 48 av omar idrissi vn fes','','','','661252305','665971010','535942550'),(137,'19 lots riad dalia av ibn khatib appart 5 fes','','','','661373158','661236451','535610605'),(138,'56 rue sindayane hay zaza fes','','','','619968935','650323143','535962431'),(139,'38 Bloc B hay el alaouiyne Taza','','','','680937652','646834848','535674229'),(140,'imm 1 appart 5 lot othmani av ibn khatib fes','','','','671090380','671939339','535602176'),(141,'44 rue 6 oued fes fes','','','','666127089','662768757','535754983'),(142,'25 naim 5 narjis 1 meknes','','','','662629758','613637834','535464461'),(143,'Hay errachad goulmima','','','','650527494','639404096','535884339'),(144,'n 24 cooperative fath 3 mars 24 hay rajae fes','','','','661987321','','535654830'),(145,'n13 rue 6 hay saada 2 fes','','','','628796761','663097092','535608351'),(146,'hay ouafae 4 av demame n 106 narjiss rte sefrou fes','','','','0669437881M','',''),(147,'lot erachidia 12 guercif','','','','662230196','667694418','667694418'),(148,'6 rue 7 hay saada 2 fes','','','','','694324587',''),(149,'43 rce al hamd rue marmoucha atlas vn fes','','','','','667285863',''),(150,'50 rue houcema appart 06 etage 01 rce zouhour atlas fes','','','','613378752','664467659','535644185'),(151,'14 rce boustane rue badr chakir siab av allal ben abdellah fes','','','','535653649','668104188',''),(152,'06 rue kamal oudouane appart 5 etage 2 fes','','','','661600925','648478887',''),(153,'223 Q1 lots hadika oued fes fes','','','','644174782','687094442','627383072'),(154,'19 rue imam chafai appart 5 l\'habitat DK fes','','','','616675215','636611232',''),(155,'147 lots riad annakhil rte d\'Imouzzer fes','','','','661158091','618320906','535963964'),(156,'89 rce hicham appart 03 ait skatou II vn fes','','','','661265366','622182333',''),(157,'imm D1etage 1 appart8 al ghorfa 1 meknes ','','','','0664865010/0674923963','674793183','535466370/0607679235'),(158,'n110bloc A hay essalam khenifra','','','','666741131','','535384239'),(159,'8 av ibn khatib rce marina appar 8 fes','','','','','662043347','535960255'),(160,'61 rue 23 hay oued fes fes','','','','639368270','601144053','535700975'),(161,'lot souani n 8 tetouan','','','','600680168','600614021','539715229'),(162,'57 lots salam route de sefrou fes','','','','650086846','634743596','633752042'),(163,'logement college oued amlil oued amlil taza','','','','668739919','673247618','535275548'),(164,'1N1 av oubaida bno jerrah rce houria fes','','','','','661058256',''),(165,'anas 3 imm 15 appart 5 rte ain chkef fes','','','','658566541','625918826','535693193'),(166,'14 rue yarmouk appart 4 etage 1 lido fes','','','','669732333','667115064','535644800'),(167,'appart 2 imm68 rce ennakhil zouagha Fes','','','','663664658','661411762','53596223'),(168,'1 rue kartaj rte ain chkef fes','','','','','670675930','691181127'),(169,'Res oualili N 4 imm C 5 sidi said meknes','','','','662279069','666519292','535532995'),(170,'douar ait ali ouboubker ain cheggag','','','','665999554','',''),(171,'n 11 michlifen II, ahadaf Azrou','','','','661312081','','535562878'),(172,'villa 10 lot fonction interieur av abdelkbir fassi hay adarissa fes','','','','661125392','654537250',''),(173,'hay janane louta el menzel sefrou','','','','643440429','618752016','535667821'),(174,'lot el alaoui route el haj larbi n 71 sidi kacem ','','','','693359323','0617674670M','537596322'),(175,'n7 rue 10 lots dayaa tghat fes','','','','667360343','613130484','535647638'),(176,'29 av ariha hay ouafae 1 rte sefrou fes','','','','666511676','631367579','535619101'),(177,'villa maria rue habib senhaji bouramana fes','','','','661702993','666112972',''),(178,'rce sidna hamza appart 5 rue houcine dkhissi VN fes ','','','','661254567','661259049','535625435'),(179,'n6 rue milano hay laymoun berkane','','','','661183550','','536231962'),(180,'111 hay el morabitine bloc 2 taza','','','','659904798','',''),(181,'24 rue ilyas ibn mouaouia n 17 fes','','','','654998706','625444850','535606482'),(182,'385 lots tghat2 rue 20tghat fes','','','','662010132','','535631365'),(183,'1 hay ennouzha rte ain chkef fes','','','','656271945','','535609359'),(184,'41 lots atif appart 5 etage 2 ain Amir fes','','','','661210933','668858808','535967693'),(185,'1rue imam chatibi apart 6 vn fes','','','','668076491','668442216','535932457'),(186,'122 rue youssef ibn tachfine 3eme etage n5 nador','','','','661584052','659242577','536339337'),(187,'33 av des al mohades appart 15 rec essalam appart 15 vn fes','','','','611976605','628967973','535940479'),(188,'Rce zineb n194 av amal el ouafae 2 rte sefrou fes','','','','660792762','0615352146M',''),(189,'11 lot fath zouagha haut R.A smen fes','','','','644523033','672332812','535600349'),(190,'hay el ouafa karia taounate','','','','614346192','668859334','602968351'),(191,'lot hay zaineb dokkarat fes','','','','677507025','613304224','604789360'),(192,'n 6 rue 7 rce errachidia rte ain chkef fes ','','','','664902550','663248069','535606757'),(193,'n 21rue 12 hay oued fes fes','','','','663113590','663136470','535752143'),(194,'20 rue abdeslam mestaoui rte ain chkef fes','','','','674043955','642095978','677133806'),(195,'rue choukri feissel n 3 avenue allal benabdellah VN fes','','','','','677738937','535941409'),(196,'n123 hay errachidia 2 rte ain chkef fes','','','','634693153','664391103','535608607'),(197,'18 rue jbel tizka narjiss D fes','','','','663630763','626689732','535765270'),(198,'n55 lot ouafae 5 rte de sefrou fes','','','','','677466038',''),(199,'quartier el qods n 230 sidi kacem','','','','629526441','601577017','537592744'),(200,'N3 rue barceloune av ouafae 2 rte sefrou fes','','','','677748744','0628414769(M)','612946266'),(201,'39 Q2 lots hadika tghat fes','','','','667598809','658457473','535645439'),(202,'18 rue sidi abderahmane majdoub hay tarik I fes','','','','661515349','666519460',''),(203,'N20 rue 5 bloc D hay oued fes fes','','','','668484457','681220814','535655319'),(204,'n79 avenue rabat tahla taza','','','','666111685','672023312','535678451'),(205,'av my rachid 17 rue chili zohour 1 fes','','','','696905596','','535618630'),(206,'6 rue imam chatibi residence anouar appart 8 fes','','','','617144234','667873618','535932908'),(207,'salma rue oued tansift narjis c fes','','','','675557641','664099931','535617920'),(208,'53 hay prince heritier rue 1 vn fes','','','','668078321','668536333',''),(209,'6 rue taouss hay tarik 2 fes','','','','661438374','641770850',''),(210,'quartier mohammadi rue sebta n 20 youssoufia','','','','670251991','','524646881'),(211,'appart 4rce belle vue lot ahlane rte imouzer fes','','','','662255015','655245795','535748894'),(212,'55 lots sepronord 2 av ibn khatib fes','','','','535641060','','535601615'),(213,'n18 rue 13 lots d\'etats dhar lakhmis fes','','','','661835243','',''),(214,'1rue mohammadia appart 13 hassan rabat','','','','666976864','654120130','537705698'),(215,'Rce salama lots amine 2eme etage appart 3  av my rachid narjis A fes','','','','661072969','623509707','0535618386'),(216,'imm A appart 07 lots mly al amine hay mohammadi tghat Fes','','','','','','535647642'),(217,'rce ikhlass2 imm5 appart 2 zouagha haut fes','','','','666423142','','535604366'),(218,'lot fath imm 27 appart 17 l\'erac sidi brahim fes','','','','663687477','644089062','0535659941'),(219,'bloc A n 110 quartier essalam khenifra','','','','666741131','648064947','535384239'),(220,'lot ayoub n 46 boufekrane','','','','535436778','650418490','655418121'),(221,'ait iddir dayat aoua ifrane','','','','664423080','',''),(222,'rce ennour imm 8 rue farhat hachad vn fes','','','','535641198','661252215','535650461'),(223,'325 ZG lots hadika tghat fes','','','','673468983','673050001','535700010'),(224,'boulevard mohamed V hay bouray I Sebaa Ayoun','','','','666512326','663878442','535546932'),(225,'n11 rue jbel aroui narjiss c fes','','','','','665079599',''),(226,'av abi houraira 10 rue guatemala zohour I fes','','','','660702454','626644262','535608472'),(227,'av beyrouth 59 rue warso zohour 1 fes','','','','535651537','661373200','535619678'),(228,'rce ghita appart 1 lot ahlane rte imouzzer fes','','','','661202423','661483121','535626255'),(229,'appart 13 imm L lots ofok oued fes fes','','','','624971433','666424700','535729125'),(230,'9 rue med labrihi hay tarik 1 fes','','','','661424547','','535607074'),(231,'hay farah 1 av ibn atir n17 rue senhaja fes','','','','672434424','672768632','535748524'),(232,'n6 rue kamal adouane vn fes','','','','','670835244','535624598'),(233,'GH 04 appart 06 residence ayoub lot taha etage 1 meknes','','','','668497456','','535465193'),(234,'10 rue fadl allah rte immouzzer fes','','','','','611097026',''),(235,'9 rue anoual almou midelt ','','','','662369955','615342498','535360606'),(236,'','','','','','',''),(237,'n 69 Q1 lots hadika tghat fes','','','','654998624','','535702115'),(238,'137 lots riad annakhil rte immouzzer fes','','','','661350149','535962763','678837726'),(239,'bloc 13 n 11 hay drissi aouinate hajjaj fes','','','','670191398','','535644861'),(240,'av beyrouth n 2 rue uruguay zohour 2 fes','','','','661876842','623109376','535618564'),(241,'34 RUE MICHLIFEN HAY GHORFA AIN SMEN FES','','','','','661482060','535605649'),(242,'rce amal n 52 appart 7 rue tantan av khalil hay ouafae 1 rte sefrou fes','','','','663813600','','535618122'),(243,'58 av des far rce jaouhara eddahabia VN fes','','','','661134724','636519854','535654114'),(244,'rue oujda imm bayaz appart 1 Taza','','','','661976779','661254164','661254771'),(245,'av sinae 15 rue el ouaha zohour 2 fes','','','','','','636611889'),(246,'94 rce alkhalil appart 05 rue taounate ait skatou 2 fes','','','','651331908','535731108','535731108'),(247,'lotissement al fath aknoul taza','','','','662827365','654388894','535277806'),(248,'3 rue 64 hay saada fes','Commercant','professeur','','0639517611','0610367113','0535749329'),(249,'n 379 lot riad narjis fes','','','','535960958','','676470417'),(250,'n 219 hay chabab ifrane','','','','535566461','661930077','535566917'),(251,'','','','','','',''),(252,'hay izdihar rue agadir n 59 ouislane','','','','699128546','603040190','535509099'),(253,'23 lot riad dalia av ibn khatib fes','','','','535624256','677092848','669765797'),(254,'8 rue abed fassi appart 7 rce salma etage 2 av ibn khatib fes ','','','','661228426','622245174','535644721'),(255,'8 rce salma appart 7 etage 2 rue abed fassi av ibn khatib vn fes','','','','661228426','622245174','535644721'),(256,'N 14 bloc D hay zouagha haut fes','','','','628639069','535966072','659554772'),(257,'17 RUE KHARROUB NARJISS B FES','','','','663197107','','535617824'),(258,'av beyrouth 49 rce zaitoune zohour 2 fes','','','','661160315','661219784','535607979'),(259,'n 77 bloc Q3 lot hadika tghat fes','','','','661581984','668881287','617382492'),(260,'N 6 Q4 lot hadika tghat fes','','','','668991866','','535701520'),(261,'7 lots lahlou hay zaza fes','','','','663566840','0664216178','0535606309'),(262,'N 58 avenue alaouiyine cite el mohit errachidia','','','','655449121','535571394','535571394'),(263,'78 rue 6 abdelkrim guennoun hay amal champs de course fes ','','','','535942177','675364919','674814414'),(264,'146 Lots lalla moulaty rte el menzel sefrou  ','','','','668101907','677022428',''),(265,'20 rue oussama ibn zaid appart 4 doukarat fes','','','','654998203','665120945','535625930'),(266,'Hay riad n121 rue chahama rte ain smen fes','','','','535962701','618199850','0694727306 P'),(267,'n 19 av khalid ibn oualid bouramana vn fes','','','','610404376','661333861','535964040'),(268,'25 av roi houssine atlas ville vouvelle fes','','','','678341290','',''),(269,'bloc F1 n 20 hay hassani L erac fes','','','','669429771','661354763','535734630'),(270,'35 abou daoud VN fes','','','','615448631','651350037','535624453'),(271,'n 21 rue 1 hay lalla soukaina zouagha haut fes','','','','668076604','','535765224'),(272,'369 lot ouafae 5 rte sefrou fes','','','','623251602','613529060','535617393'),(273,'FES NARJIS','','','','','615493234','535617033'),(274,'n30 rue mohammed ben brahim hay tarik 1 fes','','','','662349783','696989030','535941749'),(275,'RCE baraka 2 appart 8 av moulay rachid narjis A fes','','','','679540541','665229510','535640393'),(276,'RCE baraka 2 appart 8 av moulay rachid narjis A fes','','','','679540541','665229510','535640393'),(277,'av sour lot farida zohour I fes','Retrait','Retrait','','','','0535963289'),(278,'118 lot riyad rte sefrou fes','','','','668145599','','535767126'),(279,'ecole omar el khayam rue lalla malika vn fes','','','','0655956969M','662031399','535626598'),(280,'lot rizk allah NR 6 taza','','','','535671617','613080612','535282066'),(281,'77 rce mly driss appart 18 tghat fes','','','','676185754','0695897240M','535756684'),(282,'n 21 Q4 lot hadika tghat fes','','','','669097877','','535755432'),(283,'av abi houraira 48 rue dominique zohour 1 fes','','','','661189827','662190909','535605130'),(284,'127 bloc 14 hay tghat fes','','','','','687880294','699717720'),(285,'rue bouanania lots meriem appart 6 rte d\'imouzzer fes','','','','665155000','619380041','535962729'),(286,'7 rue abass sebti bouramana fes','','','','661350080','606553300',''),(287,'80 av ariha hay ouafae 1 rte sefrou fes','','','','663067676','','535619980'),(288,'AV oran 1 rue libreville zohour 1 fes','','','','620409625','','674105658'),(289,'2 av abou bakrseddik appart 4 f','','','','617636417','663631454','535654147'),(290,'Rue kharroub n21 hay narjis A fes','','','','','','535618416'),(291,'','','','','622695612','623744559','0661555266'),(292,'Rce kods bloc 9 imm 3 appart 1 rte IMZ fes','','','','','610445803','637743571'),(293,'RUE AHMED NASSIRI HAY TARIK 1 FES','','','',' ','661337565','535603410'),(294,'rue sebta imm 16 appart 1 hay farah 2 fes','','','','656226505','674738120','535608952'),(295,'eee','Autre','Autre','','','',''),(296,'13 bloc D route ain chkef fs','Retrait','Autre','','0679952492','','0535608059'),(297,'lot al ghazali res ibn abid n 2 av ibn al khatib fs','Professeur, professions scientifiques','Autre','','0666515448','0653494165','0535968226'),(298,'SDG','Autre','Autre','','','','');
/*!40000 ALTER TABLE `parentinfo` ENABLE KEYS */;
UNLOCK TABLES;

--
-- Table structure for table `scolarite`
--

DROP TABLE IF EXISTS `scolarite`;
/*!40101 SET @saved_cs_client     = @@character_set_client */;
/*!40101 SET character_set_client = utf8 */;
CREATE TABLE `scolarite` (
  `id` int(11) NOT NULL AUTO_INCREMENT,
  `numeroBac` varchar(45) DEFAULT NULL,
  `serie` varchar(45) DEFAULT NULL,
  `mention` varchar(45) DEFAULT NULL,
  `annee` int(11) DEFAULT NULL,
  `ville` varchar(45) DEFAULT NULL,
  PRIMARY KEY (`id`)
) ENGINE=InnoDB AUTO_INCREMENT=298 DEFAULT CHARSET=latin1;
/*!40101 SET character_set_client = @saved_cs_client */;

--
-- Dumping data for table `scolarite`
--

LOCK TABLES `scolarite` WRITE;
/*!40000 ALTER TABLE `scolarite` DISABLE KEYS */;
INSERT INTO `scolarite` VALUES (1,'N149013101','Sciences Physiques','Assez Bien',2016,'Fes'),(2,'N135190038','Sciences Physiques','Passable',2017,'Fs'),(3,'N130382031','Sciences Physiques','Passable',2018,'Fes'),(4,'N135296157','Sciences Physiques','Assez Bien',2018,'Sefrou'),(5,'N133296175','Sciences Physiques','Trs Bien',2018,'Sefrou'),(6,'N134347969','Sciences Physiques','Passable',2018,'Fs'),(7,'N146005900','Sciences et Technologies Electriques','Assez Bien',2018,'Fes'),(8,'N143010346','Sciences Physiques','Assez bien',2018,'Fes'),(9,'N134087030','Sciences Physiques','Passable',2018,'Fes'),(10,'N134189408','Sciences de la Vie et de la Terre','Passable',2018,'Fes'),(11,'N140042128','Sciences Mathmatiques(B)','Assez Bien',2018,'Fes'),(12,'N141032385','Sciences Physiques','Assez Bien',2018,'Fes'),(13,'N148016882','Sciences Economiques','Passable',2017,'Fes'),(14,'N130200069','Sciences Physiques','Bien',2017,'Fes'),(15,'N133322884','Sciences Physiques','Passable',2017,'Fes'),(16,'N137243263','Sciences Physiques','Bien',2017,'Fes'),(17,'N139365860','Sciences Physiques','Bien',2018,'Fes'),(18,'M130130957','Sciences de la Vie et de la Terre','Passable',2018,'Meknes'),(19,'S137401401','Sciences Physiques','Passable',2018,'Guercif'),(20,'N138316953','Sciences Mathmatiques(A)','Assez bien',2018,'Sefrou'),(21,'N137294321','Sciences Physiques','Assez Bien',2018,'Fes'),(22,'N144025082','Sciences Physiques','Passable',2018,'Fes'),(23,'N135259102','Sciences Physiques','Passable',2018,'Fes'),(24,'N131366467','Sciences Physiques','Passable',2018,'Fes'),(25,'M139491541','Sciences Physiques','Bien',2018,'Fes'),(26,'N136310666','Sciences Physiques','Bien',2018,'Sefrou'),(27,'M130217425','Sciences Physiques','Passable',2018,'Meknes'),(28,'N138361552','Sciences Physiques','Passable',2018,'Fes'),(29,'N147028158','Sciences Physiques','Passable',2018,'Fes'),(30,'N131353218','Sciences Economiques','Assez Bien',2018,'Fes'),(31,'S146030035','Sciences Physiques','Assez bien ',2018,'Taza'),(32,'N134087089','Sciences de la Vie et de la Terre','Assez Bien',2017,'Fes'),(33,'N133355616','Sciences de la Vie et de la Terre','Passable',2018,'Fes'),(34,'N133310698','Sciences de la Vie et de la Terre','Passable',2018,'Larache'),(35,'M149050958','Sciences Mathmatiques(A)','Passable',2018,'Ifrane'),(36,'N134348003','Sciences de la Vie et de la Terre','Passable',2018,'Fes'),(37,'N138179844','Sciences Physiques','Passable',2018,'Fes'),(38,'N135358013','Sciences Physiques','Assez Bien',2018,'Fes'),(39,'N145016696','Sciences de la Vie et de la Terre','Passable',2018,'Fes'),(40,'N135382011','Sciences Physiques','Assez bien',2018,'Fes'),(41,'N148019544','Sciences Physiques','Passable',2018,'Fes'),(42,'N133364777','Sciences Physiques','Assez Bien',2018,'Fes'),(43,'D130578069','Sciences Physiques','Assez Bien',2018,'Fes'),(44,'S137409155','Sciences Physiques','Bien',2018,'Taounate'),(45,'N137158062','Sciences Physiques','Assez Bien',2018,'Fes'),(46,'N144007699','Sciences Physiques','Bien',2018,'Fes'),(47,'N137079334','Sciences de la Vie et de la Terre','Passable',2018,'Boulemane'),(48,'11784722','Sciences Physiques','Passable',2014,'Fes'),(49,'H133204254','Sciences Physiques','Assez Bien',2018,'Nador'),(50,'N131285302','Sciences Economiques','Passable',2018,'Fes'),(51,'N138354997','Sciences Physiques','Passable',2018,'Fes'),(52,'N130335733','Sciences de la Vie et de la Terre','Passable',2015,'Fes'),(53,'N130348056','Sciences de la Vie et de la Terre','Passable',2018,'Fes'),(54,'N130378351','Sciences de la Vie et de la Terre','Passable',2018,'Fes'),(55,'N135368330','Sciences Physiques','Bien',2018,'Fes'),(56,'M137295264','Sciences Physiques','Passable',2018,'Ifrane'),(57,'N138171224','Sciences de la Vie et de la Terre','Passable',2018,'Fes'),(58,'N136342402','Sciences Physiques','Passable',2016,'Fes'),(59,'M139326815','Techniques de Gestion et de Comptabilit','Bien',2018,'El Hajeb'),(60,'N136370584','Sciences Economiques','Passable',2018,'Fes'),(61,'N148006958','Sciences de la Vie et de la Terre','Passable',2018,'Fes'),(62,'S138205380','Sciences Physiques','Bien',2018,'Taounate'),(63,'N130368508','Sciences Economiques','Passable',2018,'Fes'),(64,'N140010885','Sciences de la Vie et de la Terre','Passable',2018,'Fes'),(65,'N139335099','Sciences Physiques','Assez bien',2017,'Fes'),(66,'S138416402','Sciences de la Vie et de la Terre','Passable',2018,'Fes'),(67,'N139365819','Sciences Physiques','Assez Bien',2018,'Fes'),(68,'N130347938','Sciences de la Vie et de la Terre','Passable',2018,'Fes'),(69,'N145016870','Sciences Physiques','Passable',2018,'Fes'),(70,'12776089','Sciences de la Vie et de la Terre','Passable',2014,'Fes'),(71,'S138023146','Sciences de la Vie et de la Terre','Passable',2018,'Taza'),(72,'N139295002','Sciences Physiques','Passable',2018,'Fes'),(73,'N133149195','Sciences Economiques','Passable',2017,'Fes'),(74,'N149031458','Sciences Physiques','Bien',2018,'Fes'),(75,'D135597856','Sciences de la Vie et de la Terre','Bien',2018,'Ouarzazate'),(76,'N130365916','Sciences Physiques','Bien',2018,'Fes'),(77,'N141016719','Sciences de la Vie et de la Terre','Passable',2018,'Fes'),(78,'11785191','Sciences de la vie et de la terre','Passable',2013,'Fes'),(79,'N137361139','Sciences Physiques','Passable',2018,'Sefrou'),(80,'N131347935','Sciences Physiques','Passable',2018,'Fes'),(81,'N134352251','Sciences Physiques','Passable',2016,'Fes'),(82,'N139175061','Sciences de la vie et de la terre','Passable',2018,'Fes'),(83,'N146049284','Sciences Physiques','Assez bien',2018,'Fes'),(84,'N147031465','Sciences Mathmatiques(B)','Assez Bien',2018,'Fes'),(85,'N144016707','Sciences Physiques','Assez Bien',2018,'Fes'),(86,'N139295008','Sciences Economiques','Passable',2018,'Fes'),(87,'N131382015','Sciences de la Vie et de la Terre','Passable',2018,'Fes'),(88,'N138310720','Sciences Physiques','Bien',2018,'Sefrou'),(89,'N138353253','Sciences de la Vie et de la Terre','Passable',2017,'Fes'),(90,'N140042139','Sciences de la Vie et de la Terre','Passable',2018,'Fes'),(91,'N149045335','Sciences Mathmatiques(A)','Assez Bien',2018,'Sefrou'),(92,'M146035749','Sciences de la Vie et de la Terre','Passable',2018,'Khenifra'),(93,'N136379831','Sciences de la Vie et de la Terre','Passable',2017,''),(94,'N141010868','','',2016,''),(95,'N137161808','','',2017,''),(96,'N131173614','','',2017,''),(97,'N134322904','','',2017,''),(98,'N139092982','','',2017,''),(99,'S139420862','','',2017,''),(100,'N131200657','Sciences de la Vie et de la Terre','Passable',2017,''),(101,'N138087113','Sciences de la Vie et de la Terre','Passable',2017,''),(102,'S147036413','Sciences de la Vie et de la Terre','Passable',2015,''),(103,'N130252278','Sciences de la Vie et de la Terre','Passable',2016,''),(104,'N134352326','Sciences de la Vie et de la Terre','Passable',2016,''),(105,'5521','Sciences de la Vie et de la Terre','Passable',2015,''),(106,'N132294490','Sciences de la Vie et de la Terre','Passable',2017,''),(107,'N135298886','Sciences de la Vie et de la Terre','Passable',2017,''),(108,'N135252235','','',2016,''),(109,'12803285','','',2014,''),(110,'N137382110','','',2017,''),(111,'J137482334','Sciences de la Vie et de la Terre','Passable',2016,''),(112,'N134385927','','',2016,''),(113,'N149013098','Sciences de la Vie et de la Terre','Passable',2016,''),(114,'N136191461','Sciences de la Vie et de la Terre','Passable',2017,''),(115,'N148012408','Sciences de la Vie et de la Terre','Passable',2015,''),(116,'H110037311','','',2017,''),(117,'N138198378','','',2017,''),(118,'N130304772','Sciences de la Vie et de la Terre','Passable',2016,''),(119,'N149016897','Sciences de la Vie et de la Terre','Passable',2017,''),(120,'N131163692','Sciences de la Vie et de la Terre','Passable',2017,''),(121,'N144016851','Sciences de la Vie et de la Terre','Passable',2017,''),(122,'G146029330','Sciences de la Vie et de la Terre','Passable',2017,''),(123,'29759030','Sciences de la Vie et de la Terre','Passable',2011,''),(124,'N132363357','Sciences de la Vie et de la Terre','Passable',2017,''),(125,'N136179840','Sciences de la Vie et de la Terre','Passable',2017,''),(126,'N138259852','Sciences de la Vie et de la Terre','Passable',2015,''),(127,'S141019342','Sciences de la Vie et de la Terre','Passable',2016,''),(128,'N143016884','Sciences de la Vie et de la Terre','Passable',2017,''),(129,'N132385917','Sciences de la Vie et de la Terre','Passable',2016,''),(130,'N135366052','Sciences de la Vie et de la Terre','Passable',2017,''),(131,'N134322900','Sciences de la Vie et de la Terre','Passable',2017,''),(132,'N130370232','Sciences de la Vie et de la Terre','Passable',2015,''),(133,'N147013494','Sciences de la Vie et de la Terre','Passable',2016,''),(134,'N146012076','','',2017,''),(135,'N149026305','Sciences de la Vie et de la Terre','Passable',2017,''),(136,'N146012143','','Assez Bien',2016,''),(137,'N149030743','Sciences de la Vie et de la Terre','Passable',2017,''),(138,'N135348087','','',2017,''),(139,'12807413','Sciences de la Vie et de la Terre','Passable',2014,''),(140,'N149009253','Sciences de la Vie et de la Terre','Passable',2016,''),(141,'N133325818','Sciences de la Vie et de la Terre','Passable',2017,''),(142,'M130174477','','',2017,''),(143,'M137211721','Sciences de la Vie et de la Terre','Passable',2017,''),(144,'E130196891','Sciences de la Vie et de la Terre','Passable',2017,''),(145,'N140016800','Sciences de la Vie et de la Terre','Passable',2017,''),(146,'N135355627','Sciences de la Vie et de la Terre','Passable',2017,''),(147,'S134079056','Sciences de la Vie et de la Terre','Passable',2017,''),(148,'N149024296','Sciences de la Vie et de la Terre','Passable',2015,''),(149,'N144051320','Sciences de la Vie et de la Terre','Passable',2017,''),(150,'N144016789','Sciences de la Vie et de la Terre','Passable',2017,''),(151,'N136341665','Sciences exprimentales','Bien',2017,''),(152,'N134294473','','',2017,''),(153,'N132366099','','',2017,''),(154,'N143007633','Sciences de la Vie et de la Terre','Passable',2017,''),(155,'N143043000','Sciences de la Vie et de la Terre','Passable',2017,''),(156,'N143016790','','',2017,''),(157,'M138369156','Sciences de la Vie et de la Terre','Passable',2017,''),(158,'M143060623','','',2017,''),(159,'N132341761','Sciences de la Vie et de la Terre','Passable',2017,''),(160,'N130366433','Sciences de la Vie et de la Terre','Passable',2017,''),(161,'P110130903','','',2017,''),(162,'S133431487','Sciences de la Vie et de la Terre','Passable',2017,''),(163,'S146019229','Sciences de la Vie et de la Terre','Passable',2016,''),(164,'12775751','Sciences de la Vie et de la Terre','Passable',2014,''),(165,'N132377652','Sciences de la Vie et de la Terre','Passable',2016,''),(166,'12775776','Sciences de la Vie et de la Terre','Bien',2014,''),(167,'N132215794','Sciences de la Vie et de la Terre','Passable',2016,''),(168,'N138259780','Sciences de la Vie et de la Terre','Passable',2016,''),(169,'M132500830','Sciences de la Vie et de la Terre','Passable',2016,''),(170,'N137335558','Sciences de la Vie et de la Terre','Passable',2016,''),(171,'M138417226','Sciences de la Vie et de la Terre','Passable',2015,''),(172,'J134457710','Sciences de la Vie et de la Terre','Passable',2015,''),(173,'N134067500','Sciences de la Vie et de la Terre','Passable',2016,''),(174,'12623013','Sciences de la Vie et de la Terre','Passable',2014,''),(175,'N132352713','Sciences de la Vie et de la Terre','Passable',2016,''),(176,'N136340996','Sciences de la Vie et de la Terre','Passable',2016,''),(177,'N134259595','','',2016,''),(178,'N138341700','','',2016,''),(179,'12856774','Sciences de la Vie et de la Terre','Passable',2014,''),(180,'12807349','Sciences de la Vie et de la Terre','Passable',2014,''),(181,'12756811','Sciences de la Vie et de la Terre','Passable',2014,''),(182,'N135354078','Sciences de la Vie et de la Terre','Passable',2015,''),(183,'N 131255683','Sciences de la Vie et de la Terre','Passable',2016,''),(184,'Z163202291','Sciences de la Vie et de la Terre','Passable',2016,''),(185,'N138348161','Sciences de la Vie et de la Terre','Passable',2016,''),(186,'H134155764','Sciences de la Vie et de la Terre','Passable',2016,''),(187,'N139248177','Sciences de la Vie et de la Terre','Assez Bien',2016,''),(188,'12778874','Sciences de la Vie et de la Terre','Passable',2014,''),(189,'N133352813','Sciences de la Vie et de la Terre','Passable',2016,''),(190,'S147014577','Sciences de la Vie et de la Terre','Passable',2015,''),(191,'L134333258','Sciences de la Vie et de la Terre','Passable',2016,''),(192,'N137368411','Sciences de la Vie et de la Terre','Passable',2016,''),(193,'12788320','Sciences de la Vie et de la Terre','Passable',2014,''),(194,'N136348164','Sciences de la Vie et de la Terre','Passable',2016,''),(195,'N136374002','Sciences de la Vie et de la Terre','Passable',2015,''),(196,'29763219','Sciences de la Vie et de la Terre','Passable',2011,''),(197,'12815193','Sciences de la Vie et de la Terre','Passable',2014,''),(198,'N143024283','Sciences de la Vie et de la Terre','Passable',2016,''),(199,'E135258881','Sciences de la Vie et de la Terre','Passable',2016,''),(200,'N145036655','Sciences de la Vie et de la Terre','Passable',2015,''),(201,'N131369695','Sciences de la Vie et de la Terre','Passable',2016,''),(202,'12756499','Sciences de la Vie et de la Terre','Passable',2014,''),(203,'N138165756','Sciences de la Vie et de la Terre','Passable',2016,''),(204,'S135421232','Sciences de la Vie et de la Terre','Passable',2016,''),(205,'N138187227','Sciences de la Vie et de la Terre','Passable',2015,''),(206,'N139384922','Sciences de la Vie et de la Terre','Passable',2015,''),(207,'N134162022','Sciences de la Vie et de la Terre','Passable',2015,''),(208,'N149013920','Sciences de la Vie et de la Terre','Passable',2016,''),(209,'N138220614','Sciences de la Vie et de la Terre','Passable',2015,''),(210,'K135509637','Sciences de la Vie et de la Terre','Passable',2015,''),(211,'N147070362','Sciences de la Vie et de la Terre','Passable',2016,''),(212,'','Sciences de la Vie et de la Terre','Passable',2013,''),(213,'N135191847','Sciences de la Vie et de la Terre','Bien',2015,''),(214,'J110000713','Sciences de la Vie et de la Terre','Passable',2016,''),(215,'N131385923','Sciences de la Vie et de la Terre','Passable',2016,''),(216,'N148017430','Sciences de la Vie et de la Terre','Passable',2016,''),(217,'N136323727','Sciences de la Vie et de la Terre','Passable',2016,''),(218,'N139252440','Sciences de la Vie et de la Terre','Passable',2016,''),(219,'29977623','','',2011,''),(220,'J135497584','Sciences de la Vie et de la Terre','Passable',2016,''),(221,'N137295931','Sciences de la Vie et de la Terre','Passable',2016,''),(222,'N146049430','Sciences de la Vie et de la Terre','Passable',2015,''),(223,'N137235109','Sciences de la Vie et de la Terre','Passable',2015,''),(224,'Y144000620','Sciences de la Vie et de la Terre','Passable',2016,''),(225,'N142042821','Sciences de la Vie et de la Terre','Passable',2015,''),(226,'N139180630','Sciences de la Vie et de la Terre','Passable',2016,''),(227,'N145033623','Sciences de la Vie et de la Terre','Passable',2016,''),(228,'N135341946','Sciences de la Vie et de la Terre','Passable',2016,''),(229,'N137209161','Sciences de la Vie et de la Terre','Passable',2016,''),(230,'N149040707','Sciences de la Vie et de la Terre','Passable',2016,''),(231,'N130001732','Sciences de la Vie et de la Terre','Passable',2016,''),(232,'','Sciences de la Vie et de la Terre','Passable',2013,''),(233,'L134351684','Sciences de la Vie et de la Terre','Passable',2016,''),(234,'N140042855','Sciences de la Vie et de la Terre','Passable',2015,''),(235,'10922066','','',2012,''),(236,'10360','Sciences de la Vie et de la Terre','Passable',2015,''),(237,'N135359248','','',2015,''),(238,'N131259849','Sciences de la Vie et de la Terre','Passable',2015,''),(239,'12758544','Sciences de la Vie et de la Terre','Passable',2014,''),(240,'N140015252','Sciences de la Vie et de la Terre','Passable',2015,''),(241,'12787075','Sciences de la Vie et de la Terre','Passable',2014,''),(242,'N131187436','Sciences de la Vie et de la Terre','Passable',2015,''),(243,'N131220630','Sciences de la Vie et de la Terre','Passable',2015,''),(244,'12807356','Sciences de la Vie et de la Terre','Passable',2014,''),(245,'N130374025','Sciences de la Vie et de la Terre','Passable',2015,''),(246,'Z153207535','Sciences de la Vie et de la Terre','Passable',2015,''),(247,'S132182773','Sciences de la Vie et de la Terre','Passable',2015,''),(248,'12761380','Sciences Physiques','Passable',2014,'Fs'),(249,'N146011863','Sciences de la Vie et de la Terre','Passable',2015,''),(250,'M130513052','Sciences de la Vie et de la Terre','Passable',2015,''),(251,'8076','Sciences de la Vie et de la Terre','Passable',2015,''),(252,'29986346','Sciences de la Vie et de la Terre','Passable',2011,''),(253,'11754504','Sciences de la Vie et de la Terre','Passable',2013,''),(254,'N139378825','Sciences de la Vie et de la Terre','Passable',2015,''),(255,'12775656','Sciences de la Vie et de la Terre','Passable',2014,''),(256,'12752615','Sciences de la Vie et de la Terre','Passable',2014,''),(257,'N139187463','Sciences de la Vie et de la Terre','Passable',2015,''),(258,'N136322950','Sciences de la Vie et de la Terre','Passable',2015,''),(259,'11761568','Sciences de la Vie et de la Terre','Passable',2013,''),(260,'12785180','Sciences de la Vie et de la Terre','Passable',2014,''),(261,'28754378','Sciences de la Vie et de la Terre','Passable',2011,'Fs'),(262,'M130110119','Sciences de la Vie et de la Terre','Passable',2015,''),(263,'N139208673','Sciences de la Vie et de la Terre','Passable',2015,''),(264,'12781865','Sciences de la Vie et de la Terre','Passable',2014,''),(265,'N135220341','Sciences de la Vie et de la Terre','Passable',2015,''),(266,'11776870','Sciences de la Vie et de la Terre','Passable',2014,''),(267,'N135333760','Sciences de la Vie et de la Terre','Passable',2015,''),(268,'140308886492','Sciences de la Vie et de la Terre','Passable',2014,''),(269,'N136357550','Sciences de la Vie et de la Terre','Passable',2015,''),(270,'N135359267','Sciences de la Vie et de la Terre','Passable',2015,''),(271,'N139068510','Sciences de la Vie et de la Terre','Passable',2015,''),(272,'N132187357','Sciences de la Vie et de la Terre','Passable',2015,''),(273,'10758083','Sciences de la Vie et de la Terre','Passable',2014,''),(274,'11756424','Sciences de la Vie et de la Terre','Passable',2013,''),(275,'12782707','Sciences de la Vie et de la Terre','Passable',2014,''),(276,'28758997','Sciences de la Vie et de la Terre','Passable',2012,''),(277,'N149033891','Sciences Physiques','Assez Bien',2015,'Fs'),(278,'N146033896','Sciences de la Vie et de la Terre','Passable',2015,''),(279,'10756911','','',2012,''),(280,'S141015272','Sciences de la Vie et de la Terre','Passable',2015,''),(281,'N140019735','Sciences de la Vie et de la Terre','Passable',2015,''),(282,'N132326280','Sciences de la Vie et de la Terre','Passable',2015,''),(283,'N132352929','Sciences de la Vie et de la Terre','Passable',2015,''),(284,'N137352915','Sciences de la Vie et de la Terre','Passable',2015,''),(285,'N148031324','Sciences de la Vie et de la Terre','Passable',2015,''),(286,'N130179519','Sciences de la Vie et de la Terre','Passable',2015,''),(287,'N133322937','Sciences de la Vie et de la Terre','Passable',2015,''),(288,'12782711','Sciences de la Vie et de la Terre','Passable',2014,''),(289,'12761414','Sciences de la Vie et de la Terre','Passable',2014,''),(290,'11782189','Sciences de la Vie et de la Terre','Passable',2014,''),(291,'8938','Sciences de la Vie et de la Terre','Passable',2013,''),(292,'12760025','Sciences de la Vie et de la Terre','Passable',2014,''),(293,'11756482','Sciences de la Vie et de la Terre','Passable',2013,''),(294,'12777263','Sciences de la Vie et de la Terre','Passable',2014,''),(296,'CD222683','Sciences exprimentales','Passable',2007,'Fs'),(297,'N147014008','Sciences exprimentales','Assez Bien',2016,'Fs');
/*!40000 ALTER TABLE `scolarite` ENABLE KEYS */;
UNLOCK TABLES;

--
-- Table structure for table `utilisateur`
--

DROP TABLE IF EXISTS `utilisateur`;
/*!40101 SET @saved_cs_client     = @@character_set_client */;
/*!40101 SET character_set_client = utf8 */;
CREATE TABLE `utilisateur` (
  `id` int(11) NOT NULL AUTO_INCREMENT,
  `password` varchar(255) DEFAULT NULL,
  `username` varchar(255) DEFAULT NULL,
  `nom` varchar(45) DEFAULT NULL,
  `prenom` varchar(45) DEFAULT NULL,
  `responsableAbsence` tinyint(4) DEFAULT NULL,
  `canManageAttestationReussite` tinyint(4) DEFAULT NULL,
  `canManageAttestationScolarite` tinyint(4) DEFAULT NULL,
  `blockedAccount` tinyint(4) DEFAULT NULL,
  PRIMARY KEY (`id`)
) ENGINE=InnoDB AUTO_INCREMENT=5 DEFAULT CHARSET=latin1;
/*!40101 SET character_set_client = @saved_cs_client */;

--
-- Dumping data for table `utilisateur`
--

LOCK TABLES `utilisateur` WRITE;
/*!40000 ALTER TABLE `utilisateur` DISABLE KEYS */;
INSERT INTO `utilisateur` VALUES (1,'zineb','zineb','bennani','zineb',1,0,0,0),(2,'loubna','loubna','ouazzani','loubna',0,0,1,0),(3,'mohammed','mohammed','mohammed','moutaouakkil',0,0,0,0),(4,'123456','ES-SMAHI Souad','ES-SMAHI','Souad',1,0,0,0);
/*!40000 ALTER TABLE `utilisateur` ENABLE KEYS */;
UNLOCK TABLES;

--
-- Table structure for table `utilisateur_actions`
--

DROP TABLE IF EXISTS `utilisateur_actions`;
/*!40101 SET @saved_cs_client     = @@character_set_client */;
/*!40101 SET character_set_client = utf8 */;
CREATE TABLE `utilisateur_actions` (
  `id` int(11) NOT NULL AUTO_INCREMENT,
  `idUtilisateur` int(11) DEFAULT NULL,
  `action` varchar(250) DEFAULT NULL,
  `dateAction` varchar(45) DEFAULT NULL,
  `timeAction` varchar(45) DEFAULT NULL,
  PRIMARY KEY (`id`),
  KEY `fk_u` (`idUtilisateur`),
  CONSTRAINT `idUtilisateur` FOREIGN KEY (`idUtilisateur`) REFERENCES `utilisateur` (`id`) ON DELETE NO ACTION ON UPDATE NO ACTION
) ENGINE=InnoDB AUTO_INCREMENT=4 DEFAULT CHARSET=latin1;
/*!40101 SET character_set_client = @saved_cs_client */;

--
-- Dumping data for table `utilisateur_actions`
--

LOCK TABLES `utilisateur_actions` WRITE;
/*!40000 ALTER TABLE `utilisateur_actions` DISABLE KEYS */;
INSERT INTO `utilisateur_actions` VALUES (1,1,'Ajout de l\'etudiant ID : 01810931, AAA AAA','2018-10-22','9:24:59'),(2,1,'Ajout de l\'etudiant ID : 11810932, ZA AA','2018-10-22','9:27:34'),(3,1,'Ajout de l\'etudiant ID : 01410933, AA AA','2018-10-22','9:30:23');
/*!40000 ALTER TABLE `utilisateur_actions` ENABLE KEYS */;
UNLOCK TABLES;
/*!40103 SET TIME_ZONE=@OLD_TIME_ZONE */;

/*!40101 SET SQL_MODE=@OLD_SQL_MODE */;
/*!40014 SET FOREIGN_KEY_CHECKS=@OLD_FOREIGN_KEY_CHECKS */;
/*!40014 SET UNIQUE_CHECKS=@OLD_UNIQUE_CHECKS */;
/*!40101 SET CHARACTER_SET_CLIENT=@OLD_CHARACTER_SET_CLIENT */;
/*!40101 SET CHARACTER_SET_RESULTS=@OLD_CHARACTER_SET_RESULTS */;
/*!40101 SET COLLATION_CONNECTION=@OLD_COLLATION_CONNECTION */;
/*!40111 SET SQL_NOTES=@OLD_SQL_NOTES */;

-- Dump completed on 2019-05-04 15:58:45
